name,date_utc,success,rocket_id,launchpad_id,flight_number,auto_update,tbd,net,upcoming,rocket_name,rocket_height,rocket_diameter,rocket_mass,rocket_stages,rocket_boosters,rocket_cost_per_launch,rocket_active,rocket_reusable,rocket_engines,rocket_thrust_sea_level,rocket_thrust_vacuum,launchpad_name,launchpad_region,launchpad_timezone,launchpad_latitude,launchpad_longitude,launch_attempts,launch_successes,launchpad_status,success_rate,payload_count,total_payload_mass,primary_payload_mass,payload_orbit,payload_customer_type,payload_nationality,payload_manufacturer,payload_type,launch_year,launch_month,launch_day_of_year,launch_hour,launch_day_of_week,launch_quarter,is_weekend,is_night_launch,temperature,humidity,wind_speed,precipitation,cloud_cover,visibility,pressure
FalconSat,2006-03-24T22:30:00.000Z,0,5e9d0d95eda69955f709d1eb,5e9e4502f5090995de566f86,1,1,0,0,0,Falcon 1,22.25,1.68,30146,2,0,6700000,0,0,1,420,480,Kwajalein Atoll,Marshall Islands,Pacific/Kwajalein,9.0477206,167.7431292,5,2,retired,0.4,1,20,20,LEO,Commercial_Other,United States,SSTL,Satellite,2006,3,83,22,4,1,0,1,27.1,78.79,25.9,0,100,16,1009.5
DemoSat,2007-03-21T01:10:00.000Z,0,5e9d0d95eda69955f709d1eb,5e9e4502f5090995de566f86,2,1,0,0,0,Falcon 1,22.25,1.68,30146,2,0,6700000,0,0,1,420,480,Kwajalein Atoll,Marshall Islands,Pacific/Kwajalein,9.0477206,167.7431292,5,2,retired,0.4,1,0,0,LEO,Commercial_Other,United States,SpaceX,Satellite,2007,3,80,1,2,1,0,1,26.3,87.73,16.6,1,90,16,1011.5
Trailblazer,2008-08-03T03:34:00.000Z,0,5e9d0d95eda69955f709d1eb,5e9e4502f5090995de566f86,3,1,0,0,0,Falcon 1,22.25,1.68,30146,2,0,6700000,0,0,1,420,480,Kwajalein Atoll,Marshall Islands,Pacific/Kwajalein,9.0477206,167.7431292,5,2,retired,0.4,2,0,0,LEO,Government,United States,Space Dev,Satellite,2008,8,216,3,6,3,1,1,27.7,87.32,13,0,90,16,1010.6
RatSat,2008-09-28T23:15:00.000Z,1,5e9d0d95eda69955f709d1eb,5e9e4502f5090995de566f86,4,1,0,0,0,Falcon 1,22.25,1.68,30146,2,0,6700000,0,0,1,420,480,Kwajalein Atoll,Marshall Islands,Pacific/Kwajalein,9.0477206,167.7431292,5,2,retired,0.4,1,165,165,LEO,SpaceX,United States,SpaceX,Satellite,2008,9,272,23,6,3,1,1,27.6,86.79,14.8,0,100,16,1011.9
RazakSat,2009-07-13T03:35:00.000Z,1,5e9d0d95eda69955f709d1eb,5e9e4502f5090995de566f86,5,1,0,0,0,Falcon 1,22.25,1.68,30146,2,0,6700000,0,0,1,420,480,Kwajalein Atoll,Marshall Islands,Pacific/Kwajalein,9.0477206,167.7431292,5,2,retired,0.4,1,200,200,LEO,Commercial_Other,Malaysia,Satrec,Satellite,2009,7,194,3,0,3,0,1,,,16.6,,,,1009.9
Falcon 9 Test Flight,2010-06-04T18:45:00.000Z,1,5e9d0d95eda69973a809d1ec,5e9e4501f509094ba4566f84,6,1,0,0,0,Falcon 9,70,3.7,549054,2,0,50000000,1,1,9,7607,8227,CCSFS SLC 40,Florida,America/New_York,28.5618571,-80.577366,99,97,active,0.97979798,1,0,0,LEO,SpaceX,United States,SpaceX,Dragon Boilerplate,2010,6,155,18,4,2,0,0,23.7,91.86,10,0,10.2,15.8,1014.3
COTS 1,2010-12-08T15:43:00.000Z,1,5e9d0d95eda69973a809d1ec,5e9e4501f509094ba4566f84,7,1,0,0,0,Falcon 9,70,3.7,549054,2,0,50000000,1,1,9,7607,8227,CCSFS SLC 40,Florida,America/New_York,28.5618571,-80.577366,99,97,active,0.97979798,2,0,0,LEO,Government,United States,SpaceX,Dragon 1.0,2010,12,342,15,2,4,0,0,4.4,69.54,11.1,0,0,16,1020.3
COTS 2,2012-05-22T07:44:00.000Z,1,5e9d0d95eda69973a809d1ec,5e9e4501f509094ba4566f84,8,1,0,0,0,Falcon 9,70,3.7,549054,2,0,50000000,1,1,9,7607,8227,CCSFS SLC 40,Florida,America/New_York,28.5618571,-80.577366,99,97,active,0.97979798,1,525,525,LEO,Government,United States,SpaceX,Dragon 1.0,2012,5,143,7,1,2,0,0,19.3,98.54,0.3,0,0,13.2,1015.1
CRS-1,2012-10-08T00:35:00.000Z,1,5e9d0d95eda69973a809d1ec,5e9e4501f509094ba4566f84,9,1,0,0,0,Falcon 9,70,3.7,549054,2,0,50000000,1,1,9,7607,8227,CCSFS SLC 40,Florida,America/New_York,28.5618571,-80.577366,99,97,active,0.97979798,2,800,400,ISS,Government,United States,SpaceX,Dragon 1.0,2012,10,282,0,0,4,0,1,23.9,92.9,5,0,1.2,15,1015.8
CRS-2,2013-03-01T19:10:00.000Z,1,5e9d0d95eda69973a809d1ec,5e9e4501f509094ba4566f84,10,1,0,0,0,Falcon 9,70,3.7,549054,2,0,50000000,1,1,9,7607,8227,CCSFS SLC 40,Florida,America/New_York,28.5618571,-80.577366,99,97,active,0.97979798,1,677,677,ISS,Government,United States,SpaceX,Dragon 1.0,2013,3,60,19,4,1,0,0,14.7,64.6,19.7,0,0,16,1014.1
CASSIOPE,2013-09-29T16:00:00.000Z,1,5e9d0d95eda69973a809d1ec,5e9e4502f509092b78566f87,11,1,0,0,0,Falcon 9,70,3.7,549054,2,0,50000000,1,1,9,7607,8227,VAFB SLC 4E,California,America/Los_Angeles,34.632093,-120.610829,28,27,active,0.964285714,1,500,500,PO,Commercial_Other,Canada,MDA,Satellite,2013,9,272,16,6,3,1,0,10.9,63.46,2.2,0,0,16,1017.2
SES-8,2013-12-03T22:41:00.000Z,1,5e9d0d95eda69973a809d1ec,5e9e4501f509094ba4566f84,12,1,0,0,0,Falcon 9,70,3.7,549054,2,0,50000000,1,1,9,7607,8227,CCSFS SLC 40,Florida,America/New_York,28.5618571,-80.577366,99,97,active,0.97979798,1,3170,3170,GTO,Commercial_Other,Luxembourg,Orbital ATK,Satellite,2013,12,337,22,1,4,0,1,12.5,98.77,0.8,0,47.9,14.1,1013.2
Thaicom 6,2014-01-06T18:06:00.000Z,1,5e9d0d95eda69973a809d1ec,5e9e4501f509094ba4566f84,13,1,0,0,0,Falcon 9,70,3.7,549054,2,0,50000000,1,1,9,7607,8227,CCSFS SLC 40,Florida,America/New_York,28.5618571,-80.577366,99,97,active,0.97979798,1,3325,3325,GTO,Commercial_Other,Thailand,Orbital ATK,Satellite,2014,1,6,18,0,1,0,0,19.7,95.35,13,0.096,0,16,1014.8
CRS-3,2014-04-18T19:25:00.000Z,1,5e9d0d95eda69973a809d1ec,5e9e4501f509094ba4566f84,14,1,0,0,0,Falcon 9,70,3.7,549054,2,0,50000000,1,1,9,7607,8227,CCSFS SLC 40,Florida,America/New_York,28.5618571,-80.577366,99,97,active,0.97979798,1,2296,2296,ISS,Government,United States,SpaceX,Dragon 1.1,2014,4,108,19,4,2,0,0,21.9,83.49,17,0,28.6,16,1021.4
OG-2 Mission 1,2014-07-14T15:15:00.000Z,1,5e9d0d95eda69973a809d1ec,5e9e4501f509094ba4566f84,15,1,0,0,0,Falcon 9,70,3.7,549054,2,0,50000000,1,1,9,7607,8227,CCSFS SLC 40,Florida,America/New_York,28.5618571,-80.577366,99,97,active,0.97979798,1,1316,1316,LEO,Commercial_Other,United States,Boeing,Satellite,2014,7,195,15,0,3,0,0,27.3,79.57,11.7,0,2.1,16,1019.2
AsiaSat 8,2014-08-05T08:00:00.000Z,1,5e9d0d95eda69973a809d1ec,5e9e4501f509094ba4566f84,16,1,0,0,0,Falcon 9,70,3.7,549054,2,0,50000000,1,1,9,7607,8227,CCSFS SLC 40,Florida,America/New_York,28.5618571,-80.577366,99,97,active,0.97979798,1,4535,4535,GTO,Commercial_Other,Hong Kong,SSL,Satellite,2014,8,217,8,1,3,0,0,25.2,91.61,13.2,0,18.6,16,1015.2
AsiaSat 6,2014-09-07T05:00:00.000Z,1,5e9d0d95eda69973a809d1ec,5e9e4501f509094ba4566f84,17,1,0,0,0,Falcon 9,70,3.7,549054,2,0,50000000,1,1,9,7607,8227,CCSFS SLC 40,Florida,America/New_York,28.5618571,-80.577366,99,97,active,0.97979798,1,4428,4428,GTO,Commercial_Other,Hong Kong,SSL,Satellite,2014,9,250,5,6,3,1,1,23.1,95.58,3.7,0,0,16,1017.3
CRS-4,2014-09-21T05:52:00.000Z,1,5e9d0d95eda69973a809d1ec,5e9e4501f509094ba4566f84,18,1,0,0,0,Falcon 9,70,3.7,549054,2,0,50000000,1,1,9,7607,8227,CCSFS SLC 40,Florida,America/New_York,28.5618571,-80.577366,99,97,active,0.97979798,1,2216,2216,ISS,Government,United States,SpaceX,Dragon 1.1,2014,9,264,5,6,3,1,1,23.1,91.19,13.7,0,0,16,1013.5
CRS-5,2015-01-10T09:47:00.000Z,1,5e9d0d95eda69973a809d1ec,5e9e4501f509094ba4566f84,19,1,0,0,0,Falcon 9,70,3.7,549054,2,0,50000000,1,1,9,7607,8227,CCSFS SLC 40,Florida,America/New_York,28.5618571,-80.577366,99,97,active,0.97979798,1,2395,2395,ISS,Government,United States,SpaceX,Dragon 1.1,2015,1,10,9,5,1,1,0,12.6,77.78,18.7,0,100,16,1026.2
DSCOVR,2015-02-11T23:03:00.000Z,1,5e9d0d95eda69973a809d1ec,5e9e4501f509094ba4566f84,20,1,0,0,0,Falcon 9,70,3.7,549054,2,0,50000000,1,1,9,7607,8227,CCSFS SLC 40,Florida,America/New_York,28.5618571,-80.577366,99,97,active,0.97979798,1,570,570,ES-L1,Government,United States,Sierra Nevada,Satellite,2015,2,42,23,2,1,0,1,13.2,74.87,23,0,93.1,16,1012.2
ABS-3A / Eutelsat 115W B,2015-03-02T03:50:00.000Z,1,5e9d0d95eda69973a809d1ec,5e9e4501f509094ba4566f84,21,1,0,0,0,Falcon 9,70,3.7,549054,2,0,50000000,1,1,9,7607,8227,CCSFS SLC 40,Florida,America/New_York,28.5618571,-80.577366,99,97,active,0.97979798,2,4159,2205,GTO,Commercial_Other,Hong Kong,Boeing,Satellite,2015,3,61,3,0,1,0,1,17.5,96.15,7.4,0,15.2,3,1026.8
CRS-6,2015-04-14T20:10:00.000Z,1,5e9d0d95eda69973a809d1ec,5e9e4501f509094ba4566f84,22,1,0,0,0,Falcon 9,70,3.7,549054,2,0,50000000,1,1,9,7607,8227,CCSFS SLC 40,Florida,America/New_York,28.5618571,-80.577366,99,97,active,0.97979798,1,1898,1898,ISS,Government,United States,SpaceX,Dragon 1.1,2015,4,104,20,1,2,0,0,22.3,91.21,4.9,0.165,13.3,16,1022
TürkmenÄlem 52°E / MonacoSAT,2015-04-27T23:03:00.000Z,1,5e9d0d95eda69973a809d1ec,5e9e4501f509094ba4566f84,23,1,0,0,0,Falcon 9,70,3.7,549054,2,0,50000000,1,1,9,7607,8227,CCSFS SLC 40,Florida,America/New_York,28.5618571,-80.577366,99,97,active,0.97979798,1,4707,4707,GTO,Commercial_Other,Turkmenistan,Thales Alenia Space,Satellite,2015,4,117,23,0,2,0,1,26.8,78.9,18.3,0,28.6,16,1007.5
CRS-7,2015-06-28T14:21:00.000Z,0,5e9d0d95eda69973a809d1ec,5e9e4501f509094ba4566f84,24,1,0,0,0,Falcon 9,70,3.7,549054,2,0,50000000,1,1,9,7607,8227,CCSFS SLC 40,Florida,America/New_York,28.5618571,-80.577366,99,97,active,0.97979798,1,2477,2477,ISS,Government,United States,SpaceX,Dragon 1.1,2015,6,179,14,6,2,1,0,27.6,77.48,11.5,0,17.2,16,1016.6
OG-2 Mission 2,2015-12-22T01:29:00.000Z,1,5e9d0d95eda69973a809d1ec,5e9e4501f509094ba4566f84,25,1,0,0,0,Falcon 9,70,3.7,549054,2,0,50000000,1,1,9,7607,8227,CCSFS SLC 40,Florida,America/New_York,28.5618571,-80.577366,99,97,active,0.97979798,1,2034,2034,LEO,Commercial_Other,United States,Boeing,Satellite,2015,12,356,1,1,4,0,1,23.4,87.34,19.5,0.161,29.7,15.9,1021
Jason 3,2016-01-17T15:42:00.000Z,1,5e9d0d95eda69973a809d1ec,5e9e4502f509092b78566f87,26,1,0,0,0,Falcon 9,70,3.7,549054,2,0,50000000,1,1,9,7607,8227,VAFB SLC 4E,California,America/Los_Angeles,34.632093,-120.610829,28,27,active,0.964285714,1,553,553,PO,Government,United States,Thales Alenia Space,Satellite,2016,1,17,15,6,1,1,0,10.9,97.3,0,0.218,100,0,1021.6
SES-9,2016-03-04T23:35:00.000Z,1,5e9d0d95eda69973a809d1ec,5e9e4501f509094ba4566f84,27,1,0,0,0,Falcon 9,70,3.7,549054,2,0,50000000,1,1,9,7607,8227,CCSFS SLC 40,Florida,America/New_York,28.5618571,-80.577366,99,97,active,0.97979798,1,5271,5271,GTO,Commercial_Other,Luxembourg,Boeing,Satellite,2016,3,64,23,4,1,0,1,18.6,68.81,11.3,0,0,9.6,1014.9
CRS-8,2016-04-08T20:43:00.000Z,1,5e9d0d95eda69973a809d1ec,5e9e4501f509094ba4566f84,28,1,0,0,0,Falcon 9,70,3.7,549054,2,0,50000000,1,1,9,7607,8227,CCSFS SLC 40,Florida,America/New_York,28.5618571,-80.577366,99,97,active,0.97979798,1,3136,3136,ISS,Government,United States,SpaceX,Dragon 1.1,2016,4,99,20,4,2,0,0,20,65.99,11.5,0,0,16,1014.2
JCSAT-2B,2016-05-06T05:21:00.000Z,1,5e9d0d95eda69973a809d1ec,5e9e4501f509094ba4566f84,29,1,0,0,0,Falcon 9,70,3.7,549054,2,0,50000000,1,1,9,7607,8227,CCSFS SLC 40,Florida,America/New_York,28.5618571,-80.577366,99,97,active,0.97979798,1,4696,4696,GTO,Commercial_Other,Japan,SSL,Satellite,2016,5,127,5,4,2,0,1,19.7,58.81,20.2,0,0,16,1009.1
Thaicom 8,2016-05-27T21:39:00.000Z,1,5e9d0d95eda69973a809d1ec,5e9e4501f509094ba4566f84,30,1,0,0,0,Falcon 9,70,3.7,549054,2,0,50000000,1,1,9,7607,8227,CCSFS SLC 40,Florida,America/New_York,28.5618571,-80.577366,99,97,active,0.97979798,1,3100,3100,GTO,Commercial_Other,Thailand,Orbital ATK,Satellite,2016,5,148,21,4,2,0,1,23.9,72.81,12.7,0,30.6,16,1018.4
ABS-2A / Eutelsat 117W B,2016-06-15T14:29:00.000Z,1,5e9d0d95eda69973a809d1ec,5e9e4501f509094ba4566f84,31,1,0,0,0,Falcon 9,70,3.7,549054,2,0,50000000,1,1,9,7607,8227,CCSFS SLC 40,Florida,America/New_York,28.5618571,-80.577366,99,97,active,0.97979798,2,3600,1800,GTO,Commercial_Other,Hong Kong,Boeing,Satellite,2016,6,167,14,2,2,0,0,26.3,82.97,10,0,0,16,1017
CRS-9,2016-07-18T04:45:00.000Z,1,5e9d0d95eda69973a809d1ec,5e9e4501f509094ba4566f84,32,1,0,0,0,Falcon 9,70,3.7,549054,2,0,50000000,1,1,9,7607,8227,CCSFS SLC 40,Florida,America/New_York,28.5618571,-80.577366,99,97,active,0.97979798,1,2257,2257,ISS,Government,United States,SpaceX,Dragon 1.1,2016,7,200,4,0,3,0,1,28.2,79.61,10.8,0,0,16,1023
JCSAT-16,2016-08-14T05:26:00.000Z,1,5e9d0d95eda69973a809d1ec,5e9e4501f509094ba4566f84,33,1,0,0,0,Falcon 9,70,3.7,549054,2,0,50000000,1,1,9,7607,8227,CCSFS SLC 40,Florida,America/New_York,28.5618571,-80.577366,99,97,active,0.97979798,1,4600,4600,GTO,Commercial_Other,Japan,SSL,Satellite,2016,8,227,5,6,3,1,1,27,87.34,11.5,0,0,16,1018.9
Amos-6,2016-09-01T13:07:00.000Z,0,5e9d0d95eda69973a809d1ec,5e9e4501f509094ba4566f84,34,1,0,0,0,Falcon 9,70,3.7,549054,2,0,50000000,1,1,9,7607,8227,CCSFS SLC 40,Florida,America/New_York,28.5618571,-80.577366,99,97,active,0.97979798,1,5500,5500,GTO,Commercial_Other,Israel,Israel Aerospace Industries,Satellite,2016,9,245,13,3,3,0,0,24,93.63,18,11.5,99.4,3.6,1015.8
Iridium NEXT Mission 1,2017-01-14T17:54:00.000Z,1,5e9d0d95eda69973a809d1ec,5e9e4502f509092b78566f87,35,1,0,0,0,Falcon 9,70,3.7,549054,2,0,50000000,1,1,9,7607,8227,VAFB SLC 4E,California,America/Los_Angeles,34.632093,-120.610829,28,27,active,0.964285714,1,9600,9600,PO,Commercial_Satellite,United States,Thales Alenia Space,Satellite,2017,1,14,17,5,1,1,0,8.3,65.47,23.3,0,0,16,1021.1
CRS-10,2017-02-19T14:39:00.000Z,1,5e9d0d95eda69973a809d1ec,5e9e4502f509094188566f88,36,1,0,0,0,Falcon 9,70,3.7,549054,2,0,50000000,1,1,9,7607,8227,KSC LC 39A,Florida,America/New_York,28.6080585,-80.6039558,55,55,active,1,1,2490,2490,ISS,Government,United States,SpaceX,Dragon 1.1,2017,2,50,14,6,1,1,0,20,86.92,6,0,70.4,15.8,1016
EchoStar 23,2017-03-16T06:00:00.000Z,1,5e9d0d95eda69973a809d1ec,5e9e4502f509094188566f88,37,1,0,0,0,Falcon 9,70,3.7,549054,2,0,50000000,1,1,9,7607,8227,KSC LC 39A,Florida,America/New_York,28.6080585,-80.6039558,55,55,active,1,1,5600,5600,GTO,Commercial_Other,United States,Airbus Defence and Space,Satellite,2017,3,75,6,3,1,0,0,6.1,77.01,7.4,0,0,16,1025.8
SES-10,2017-03-30T22:27:00.000Z,1,5e9d0d95eda69973a809d1ec,5e9e4502f509094188566f88,38,1,0,0,0,Falcon 9,70,3.7,549054,2,0,50000000,1,1,9,7607,8227,KSC LC 39A,Florida,America/New_York,28.6080585,-80.6039558,55,55,active,1,1,5300,5300,GTO,Commercial_Other,Luxembourg,Airbus Defence and Space,Satellite,2017,3,89,22,3,1,0,1,21.4,83.98,8.7,0,0,16,1017
NROL-76,2017-05-01T11:15:00.000Z,1,5e9d0d95eda69973a809d1ec,5e9e4502f509094188566f88,39,1,0,0,0,Falcon 9,70,3.7,549054,2,0,50000000,1,1,9,7607,8227,KSC LC 39A,Florida,America/New_York,28.6080585,-80.6039558,55,55,active,1,1,0,0,LEO,Commercial_Other,United States,Boeing,Satellite,2017,5,121,11,0,2,0,0,24.5,84.48,26.4,0,20.1,16,1019.7
Inmarsat-5 F4,2017-05-15T23:21:00.000Z,1,5e9d0d95eda69973a809d1ec,5e9e4502f509094188566f88,40,1,0,0,0,Falcon 9,70,3.7,549054,2,0,50000000,1,1,9,7607,8227,KSC LC 39A,Florida,America/New_York,28.6080585,-80.6039558,55,55,active,1,1,6070,6070,GTO,Commercial_Other,United Kingdom,Boeing,Satellite,2017,5,135,23,0,2,0,1,21.9,94.41,4.1,0,20.1,16,1013.6
CRS-11,2017-06-03T21:07:00.000Z,1,5e9d0d95eda69973a809d1ec,5e9e4502f509094188566f88,41,1,0,0,0,Falcon 9,70,3.7,549054,2,0,50000000,1,1,9,7607,8227,KSC LC 39A,Florida,America/New_York,28.6080585,-80.6039558,55,55,active,1,1,2708,2708,ISS,Government,United States,SpaceX,Dragon 1.1,2017,6,154,21,5,2,1,1,22.9,94.89,3,0,93.8,16,1017.6
BulgariaSat-1,2017-06-23T19:10:00.000Z,1,5e9d0d95eda69973a809d1ec,5e9e4502f509094188566f88,42,1,0,0,0,Falcon 9,70,3.7,549054,2,0,50000000,1,1,9,7607,8227,KSC LC 39A,Florida,America/New_York,28.6080585,-80.6039558,55,55,active,1,1,3669,3669,GTO,Commercial_Other,Bulgaria,SSL,Satellite,2017,6,174,19,4,2,0,0,25.8,90.88,10.3,0,0,16,1019.3
Iridium NEXT Mission 2,2017-06-25T20:25:00.000Z,1,5e9d0d95eda69973a809d1ec,5e9e4502f509092b78566f87,43,1,0,0,0,Falcon 9,70,3.7,549054,2,0,50000000,1,1,9,7607,8227,VAFB SLC 4E,California,America/Los_Angeles,34.632093,-120.610829,28,27,active,0.964285714,1,9600,9600,PO,Commercial_Satellite,United States,Thales Alenia Space,Satellite,2017,6,176,20,6,2,1,0,13.7,97.76,15.1,0,100,6.4,1014.1
Intelsat 35e,2017-07-05T23:35:00.000Z,1,5e9d0d95eda69973a809d1ec,5e9e4502f509094188566f88,44,1,0,0,0,Falcon 9,70,3.7,549054,2,0,50000000,1,1,9,7607,8227,KSC LC 39A,Florida,America/New_York,28.6080585,-80.6039558,55,55,active,1,1,6761,6761,GTO,Commercial_Other,United States,Boeing,Satellite,2017,7,186,23,2,3,0,1,26.7,86.52,6.1,0,0,16,1020.6
CRS-12,2017-08-14T16:31:00.000Z,1,5e9d0d95eda69973a809d1ec,5e9e4502f509094188566f88,45,1,0,0,0,Falcon 9,70,3.7,549054,2,0,50000000,1,1,9,7607,8227,KSC LC 39A,Florida,America/New_York,28.6080585,-80.6039558,55,55,active,1,1,2910,2910,ISS,Government,United States,SpaceX,Dragon 1.1,2017,8,226,16,0,3,0,0,25.5,96.8,8.1,0,0,16,1016.3
FormoSat-5,2017-08-24T18:50:00.000Z,1,5e9d0d95eda69973a809d1ec,5e9e4502f509092b78566f87,46,1,0,0,0,Falcon 9,70,3.7,549054,2,0,50000000,1,1,9,7607,8227,VAFB SLC 4E,California,America/Los_Angeles,34.632093,-120.610829,28,27,active,0.964285714,1,475,475,SSO,Commercial_Other,Taiwan,NSPO,Satellite,2017,8,236,18,3,3,0,0,15.9,91.58,12.2,0,100,15.5,1014
Boeing X-37B OTV-5,2017-09-07T13:50:00.000Z,1,5e9d0d95eda69973a809d1ec,5e9e4502f509094188566f88,47,1,0,0,0,Falcon 9,70,3.7,549054,2,0,50000000,1,1,9,7607,8227,KSC LC 39A,Florida,America/New_York,28.6080585,-80.6039558,55,55,active,1,1,4990,4990,LEO,Government,United States,Boeing Defense,Satellite,2017,9,250,13,3,3,0,0,25.9,92.1,6.2,0,0,16,1014.9
Iridium NEXT Mission 3,2017-10-09T12:37:00.000Z,1,5e9d0d95eda69973a809d1ec,5e9e4502f509092b78566f87,48,1,0,0,0,Falcon 9,70,3.7,549054,2,0,50000000,1,1,9,7607,8227,VAFB SLC 4E,California,America/Los_Angeles,34.632093,-120.610829,28,27,active,0.964285714,1,9600,9600,PO,Commercial_Satellite,United States,Thales Alenia Space,Satellite,2017,10,282,12,0,4,0,0,9.1,94.49,4.5,0,2.2,8.6,1008.5
SES-11 / Echostar 105,2017-10-11T22:53:00.000Z,1,5e9d0d95eda69973a809d1ec,5e9e4502f509094188566f88,49,1,0,0,0,Falcon 9,70,3.7,549054,2,0,50000000,1,1,9,7607,8227,KSC LC 39A,Florida,America/New_York,28.6080585,-80.6039558,55,55,active,1,1,5200,5200,GTO,Commercial_Other,United States,Airbus Defence and Space,Satellite,2017,10,284,22,2,4,0,1,25.5,93.44,7.7,2.124,0,16,1018
KoreaSat 5A,2017-10-30T19:34:00.000Z,1,5e9d0d95eda69973a809d1ec,5e9e4502f509094188566f88,50,1,0,0,0,Falcon 9,70,3.7,549054,2,0,50000000,1,1,9,7607,8227,KSC LC 39A,Florida,America/New_York,28.6080585,-80.6039558,55,55,active,1,1,3700,3700,GTO,Commercial_Other,South Korea,Thales Alenia Space,Satellite,2017,10,303,19,0,4,0,0,13,56.03,13.5,0,0,16,1013.3
CRS-13,2017-12-15T15:36:00.000Z,1,5e9d0d95eda69973a809d1ec,5e9e4501f509094ba4566f84,51,1,0,0,0,Falcon 9,70,3.7,549054,2,0,50000000,1,1,9,7607,8227,CCSFS SLC 40,Florida,America/New_York,28.5618571,-80.577366,99,97,active,0.97979798,1,2205,2205,ISS,Government,United States,SpaceX,Dragon 1.1,2017,12,349,15,4,4,0,0,15.7,76.65,12,0,97.9,16,1018.3
Iridium NEXT Mission 4,2017-12-23T01:27:23.000Z,1,5e9d0d95eda69973a809d1ec,5e9e4502f509092b78566f87,52,1,0,0,0,Falcon 9,70,3.7,549054,2,0,50000000,1,1,9,7607,8227,VAFB SLC 4E,California,America/Los_Angeles,34.632093,-120.610829,28,27,active,0.964285714,1,9600,9600,PO,Commercial_Satellite,United States,Thales Alenia Space,Satellite,2017,12,357,1,5,4,1,1,2.8,82.77,9.7,0,0,16,1025.7
ZUMA,2018-01-08T01:00:00.000Z,1,5e9d0d95eda69973a809d1ec,5e9e4501f509094ba4566f84,53,1,0,0,0,Falcon 9,70,3.7,549054,2,0,50000000,1,1,9,7607,8227,CCSFS SLC 40,Florida,America/New_York,28.5618571,-80.577366,99,97,active,0.97979798,1,0,0,LEO,Commercial_Other,United States,Northrop Grumman,Satellite,2018,1,8,1,0,1,0,1,10.7,96.61,6.4,0,50,16,1026.4
SES-16 / GovSat-1,2018-01-31T21:25:00.000Z,1,5e9d0d95eda69973a809d1ec,5e9e4501f509094ba4566f84,54,1,0,0,0,Falcon 9,70,3.7,549054,2,0,50000000,1,1,9,7607,8227,CCSFS SLC 40,Florida,America/New_York,28.5618571,-80.577366,99,97,active,0.97979798,1,4230,4230,GTO,Commercial_Other,Luxembourg,Orbital ATK,Satellite,2018,1,31,21,2,1,0,1,9.4,78.55,18.8,0,89.2,16,1025.9
Falcon Heavy Test Flight,2018-02-06T20:45:00.000Z,1,5e9d0d95eda69974db09d1ed,5e9e4502f509094188566f88,55,1,0,0,0,Falcon Heavy,70,12.2,1420788,2,2,90000000,1,1,27,22819,24681,KSC LC 39A,Florida,America/New_York,28.6080585,-80.6039558,55,55,active,1,1,1350,1350,HCO,SpaceX,United States,Tesla,Satellite,2018,2,37,20,1,1,0,0,10.9,98,0.3,0,0,10.1,1024
Paz / Starlink Demo,2018-02-22T14:17:00.000Z,1,5e9d0d95eda69973a809d1ec,5e9e4502f509092b78566f87,56,1,0,0,0,Falcon 9,70,3.7,549054,2,0,50000000,1,1,9,7607,8227,VAFB SLC 4E,California,America/Los_Angeles,34.632093,-120.610829,28,27,active,0.964285714,2,2150,1350,SSO,SpaceX,Spain,Airbus Defence and Space,Satellite,2018,2,53,14,3,1,0,0,2.7,90.81,16.6,0,0,16,1023.2
Hispasat 30W-6,2018-03-06T05:33:00.000Z,1,5e9d0d95eda69973a809d1ec,5e9e4501f509094ba4566f84,57,1,0,0,0,Falcon 9,70,3.7,549054,2,0,50000000,1,1,9,7607,8227,CCSFS SLC 40,Florida,America/New_York,28.5618571,-80.577366,99,97,active,0.97979798,1,6092,6092,GTO,Commercial_Other,Spain,SSL,Satellite,2018,3,65,5,1,1,0,1,11.9,82.53,5.2,0,0,16,1017.4
Iridium NEXT Mission 5,2018-03-30T14:13:51.000Z,1,5e9d0d95eda69973a809d1ec,5e9e4502f509092b78566f87,58,1,0,0,0,Falcon 9,70,3.7,549054,2,0,50000000,1,1,9,7607,8227,VAFB SLC 4E,California,America/Los_Angeles,34.632093,-120.610829,28,27,active,0.964285714,1,9600,9600,PO,Commercial_Satellite,United States,Thales Alenia Space,Satellite,2018,3,89,14,4,1,0,0,8.9,91.18,0,0,21.7,15.6,1017.6
CRS-14,2018-04-02T20:30:41.000Z,1,5e9d0d95eda69973a809d1ec,5e9e4501f509094ba4566f84,59,1,0,0,0,Falcon 9,70,3.7,549054,2,0,50000000,1,1,9,7607,8227,CCSFS SLC 40,Florida,America/New_York,28.5618571,-80.577366,99,97,active,0.97979798,1,2760,2760,ISS,Government,United States,SpaceX,Dragon 1.1,2018,4,92,20,0,2,0,0,18.3,100,0.6,0,0,2.8,1019
TESS,2018-04-18T22:51:00.000Z,1,5e9d0d95eda69973a809d1ec,5e9e4501f509094ba4566f84,60,1,0,0,0,Falcon 9,70,3.7,549054,2,0,50000000,1,1,9,7607,8227,CCSFS SLC 40,Florida,America/New_York,28.5618571,-80.577366,99,97,active,0.97979798,1,350,350,HEO,Government,United States,Orbital ATK,Satellite,2018,4,108,22,2,2,0,1,14.2,84.46,6.4,0,0,12.2,1019
Bangabandhu-1,2018-05-11T20:14:00.000Z,1,5e9d0d95eda69973a809d1ec,5e9e4502f509094188566f88,61,1,0,0,0,Falcon 9,70,3.7,549054,2,0,50000000,1,1,9,7607,8227,KSC LC 39A,Florida,America/New_York,28.6080585,-80.6039558,55,55,active,1,1,3750,3750,GTO,Commercial_Other,Bangladesh,Thales Alenia Space,Satellite,2018,5,131,20,4,2,0,0,19.3,95.08,0.2,0,0,16,1019.9
Iridium NEXT Mission 6,2018-05-22T19:47:58.000Z,1,5e9d0d95eda69973a809d1ec,5e9e4502f509092b78566f87,62,1,0,0,0,Falcon 9,70,3.7,549054,2,0,50000000,1,1,9,7607,8227,VAFB SLC 4E,California,America/Los_Angeles,34.632093,-120.610829,28,27,active,0.964285714,2,5460,4300,PO,Government,United States,Thales Alenia Space,Satellite,2018,5,142,19,1,2,0,0,11.5,90.11,10,0,100,14.6,1013.8
SES-12,2018-06-04T04:45:00.000Z,1,5e9d0d95eda69973a809d1ec,5e9e4501f509094ba4566f84,63,1,0,0,0,Falcon 9,70,3.7,549054,2,0,50000000,1,1,9,7607,8227,CCSFS SLC 40,Florida,America/New_York,28.5618571,-80.577366,99,97,active,0.97979798,1,5383.85,5383.85,GTO,Commercial_Other,Luxembourg,Airbus Defence and Space,Satellite,2018,6,155,4,0,2,0,1,26.3,82.93,17.5,0,47.5,16,1015
CRS-15,2018-06-29T09:42:00.000Z,1,5e9d0d95eda69973a809d1ec,5e9e4501f509094ba4566f84,64,1,0,0,0,Falcon 9,70,3.7,549054,2,0,50000000,1,1,9,7607,8227,CCSFS SLC 40,Florida,America/New_York,28.5618571,-80.577366,99,97,active,0.97979798,1,2410,2410,ISS,Government,United States,SpaceX,Dragon 1.1,2018,6,180,9,4,2,0,0,24.7,93.79,8.9,2.467,42,16,1017.3
Telstar 19V,2018-07-22T05:50:00.000Z,1,5e9d0d95eda69973a809d1ec,5e9e4501f509094ba4566f84,65,1,0,0,0,Falcon 9,70,3.7,549054,2,0,50000000,1,1,9,7607,8227,CCSFS SLC 40,Florida,America/New_York,28.5618571,-80.577366,99,97,active,0.97979798,1,7076,7076,GTO,Commercial_Satellite,Canada,SSL,Satellite,2018,7,203,5,6,3,1,1,26.2,90.21,9.8,0,31.7,16,1013.5
Iridium NEXT Mission 7,2018-07-25T11:39:26.000Z,1,5e9d0d95eda69973a809d1ec,5e9e4502f509092b78566f87,66,1,0,0,0,Falcon 9,70,3.7,549054,2,0,50000000,1,1,9,7607,8227,VAFB SLC 4E,California,America/Los_Angeles,34.632093,-120.610829,28,27,active,0.964285714,1,9600,9600,PO,Commercial_Satellite,United States,Thales Alenia Space,Satellite,2018,7,206,11,2,3,0,0,13,94.48,3.2,0,45.9,12,1016.1
Merah Putih,2018-08-07T05:18:00.000Z,1,5e9d0d95eda69973a809d1ec,5e9e4501f509094ba4566f84,67,1,0,0,0,Falcon 9,70,3.7,549054,2,0,50000000,1,1,9,7607,8227,CCSFS SLC 40,Florida,America/New_York,28.5618571,-80.577366,99,97,active,0.97979798,1,5800,5800,GTO,Commercial_Other,Indonesia,SSL,Satellite,2018,8,219,5,1,3,0,1,25.9,84.08,8.4,0,1.2,16,1020.1
Telstar 18V,2018-09-10T04:45:00.000Z,1,5e9d0d95eda69973a809d1ec,5e9e4501f509094ba4566f84,68,1,0,0,0,Falcon 9,70,3.7,549054,2,0,50000000,1,1,9,7607,8227,CCSFS SLC 40,Florida,America/New_York,28.5618571,-80.577366,99,97,active,0.97979798,1,7060,7060,GTO,Commercial_Satellite,Canada,SSL,Satellite,2018,9,253,4,0,3,0,1,25.8,87.89,7.7,0,62.8,16,1014
SAOCOM 1A,2018-10-08T02:22:00.000Z,1,5e9d0d95eda69973a809d1ec,5e9e4502f509092b78566f87,69,1,0,0,0,Falcon 9,70,3.7,549054,2,0,50000000,1,1,9,7607,8227,VAFB SLC 4E,California,America/Los_Angeles,34.632093,-120.610829,28,27,active,0.964285714,1,2800,2800,SSO,Commercial_Other,Argentina,INVAP,Satellite,2018,10,281,2,0,4,0,1,11.8,91.81,11,0,0,14.7,1009.5
Es’hail 2,2018-11-15T20:46:00.000Z,1,5e9d0d95eda69973a809d1ec,5e9e4502f509094188566f88,70,1,0,0,0,Falcon 9,70,3.7,549054,2,0,50000000,1,1,9,7607,8227,KSC LC 39A,Florida,America/New_York,28.6080585,-80.6039558,55,55,active,1,1,3000,3000,GTO,Commercial_Other,Qatar,Mitsubishi Electric,Satellite,2018,11,319,20,3,4,0,0,25.6,89.47,12.9,0,30.1,16,1015.2
SSO-A,2018-12-03T18:34:00.000Z,1,5e9d0d95eda69973a809d1ec,5e9e4502f509092b78566f87,71,1,0,0,0,Falcon 9,70,3.7,549054,2,0,50000000,1,1,9,7607,8227,VAFB SLC 4E,California,America/Los_Angeles,34.632093,-120.610829,28,27,active,0.964285714,1,4000,4000,SSO,Commercial_Other,United States,"Spaceflight Industries, Inc",Satellite,2018,12,337,18,0,4,0,0,5.7,79.57,7.8,0,0,14.2,1020.5
CRS-16,2018-12-05T18:16:00.000Z,1,5e9d0d95eda69973a809d1ec,5e9e4501f509094ba4566f84,72,1,0,0,0,Falcon 9,70,3.7,549054,2,0,50000000,1,1,9,7607,8227,CCSFS SLC 40,Florida,America/New_York,28.5618571,-80.577366,99,97,active,0.97979798,1,2573,2573,ISS,Government,United States,SpaceX,Dragon 1.1,2018,12,339,18,2,4,0,0,16.5,80.3,11.4,0,60.6,16,1018.4
GPS III SV01,2018-12-23T13:51:00.000Z,1,5e9d0d95eda69973a809d1ec,5e9e4501f509094ba4566f84,73,1,0,0,0,Falcon 9,70,3.7,549054,2,0,50000000,1,1,9,7607,8227,CCSFS SLC 40,Florida,America/New_York,28.5618571,-80.577366,99,97,active,0.97979798,1,4400,4400,MEO,Government,United States,Lockheed Martin,Satellite,2018,12,357,13,6,4,1,0,4.7,83.86,0.4,0,0,16,1023.4
Iridium NEXT Mission 8,2019-01-11T15:31:00.000Z,1,5e9d0d95eda69973a809d1ec,5e9e4502f509092b78566f87,74,1,0,0,0,Falcon 9,70,3.7,549054,2,0,50000000,1,1,9,7607,8227,VAFB SLC 4E,California,America/Los_Angeles,34.632093,-120.610829,28,27,active,0.964285714,1,9600,9600,PO,Commercial_Satellite,United States,Thales Alenia Space,Satellite,2019,1,11,15,4,1,0,0,10.2,94.5,10.6,0,94.6,8.6,1018.7
Nusantara Satu (PSN-6) / S5 / Beresheet,2019-02-22T01:45:00.000Z,1,5e9d0d95eda69973a809d1ec,5e9e4501f509094ba4566f84,75,1,0,0,0,Falcon 9,70,3.7,549054,2,0,50000000,1,1,9,7607,8227,CCSFS SLC 40,Florida,America/New_York,28.5618571,-80.577366,99,97,active,0.97979798,3,5645,5000,GTO,Commercial_Other,Indonesia,SSL,Satellite,2019,2,53,1,4,1,0,1,20.3,94.35,12.7,0,32,15.7,1020.7
CCtCap Demo Mission 1,2019-03-02T07:45:00.000Z,1,5e9d0d95eda69973a809d1ec,5e9e4502f509094188566f88,76,1,0,0,0,Falcon 9,70,3.7,549054,2,0,50000000,1,1,9,7607,8227,KSC LC 39A,Florida,America/New_York,28.6080585,-80.6039558,55,55,active,1,1,12259,12259,ISS,Government,United States,SpaceX,Crew Dragon,2019,3,61,7,5,1,1,0,18,94.46,4,0,0,16,1020.3
ArabSat 6A,2019-04-11T22:35:00.000Z,1,5e9d0d95eda69974db09d1ed,5e9e4502f509094188566f88,77,1,0,0,0,Falcon Heavy,70,12.2,1420788,2,2,90000000,1,1,27,22819,24681,KSC LC 39A,Florida,America/New_York,28.6080585,-80.6039558,55,55,active,1,1,6000,6000,GTO,Commercial_Other,Saudi Arabia,Lockheed Martin,Satellite,2019,4,101,22,3,2,0,1,18.1,87.63,4.3,0,0,16,1010.4
CRS-17,2019-05-04T06:48:00.000Z,1,5e9d0d95eda69973a809d1ec,5e9e4501f509094ba4566f84,78,1,0,0,0,Falcon 9,70,3.7,549054,2,0,50000000,1,1,9,7607,8227,CCSFS SLC 40,Florida,America/New_York,28.5618571,-80.577366,99,97,active,0.97979798,1,2482,2482,ISS,Government,United States,SpaceX,Dragon 1.1,2019,5,124,6,5,2,1,0,23.4,82.01,16,0,63.9,16,1016
Starlink v0.9,2019-05-24T02:30:00.000Z,1,5e9d0d95eda69973a809d1ec,5e9e4501f509094ba4566f84,79,1,0,0,0,Falcon 9,70,3.7,549054,2,0,50000000,1,1,9,7607,8227,CCSFS SLC 40,Florida,America/New_York,28.5618571,-80.577366,99,97,active,0.97979798,1,13200,13200,VLEO,SpaceX,United States,SpaceX,Satellite,2019,5,144,2,4,2,0,1,24.3,56.14,15.6,0,45.5,16,1021.3
RADARSAT Constellation,2019-06-12T14:17:00.000Z,1,5e9d0d95eda69973a809d1ec,5e9e4502f509092b78566f87,80,1,0,0,0,Falcon 9,70,3.7,549054,2,0,50000000,1,1,9,7607,8227,VAFB SLC 4E,California,America/Los_Angeles,34.632093,-120.610829,28,27,active,0.964285714,1,1425,1425,SSO,Commercial_Other,Canada,Maxar Technologies,Satellite,2019,6,163,14,2,2,0,0,15.8,90.95,6.1,0,38.2,15.6,1015.3
STP-2,2019-06-25T03:30:00.000Z,1,5e9d0d95eda69974db09d1ed,5e9e4502f509094188566f88,81,1,0,0,0,Falcon Heavy,70,12.2,1420788,2,2,90000000,1,1,27,22819,24681,KSC LC 39A,Florida,America/New_York,28.6080585,-80.6039558,55,55,active,1,16,2838,1668,MEO,Government,United States,Sierra Nevada Corporation,Satellite,2019,6,176,3,1,2,0,1,27.3,52.11,6.7,0,0,16,1017.3
CRS-18,2019-07-25T22:01:00.000Z,1,5e9d0d95eda69973a809d1ec,5e9e4501f509094ba4566f84,82,1,0,0,0,Falcon 9,70,3.7,549054,2,0,50000000,1,1,9,7607,8227,CCSFS SLC 40,Florida,America/New_York,28.5618571,-80.577366,99,97,active,0.97979798,1,2227.7,2227.7,ISS,Government,United States,SpaceX,Dragon 1.1,2019,7,206,22,3,3,0,1,25,49.79,9.7,0,0,16,1015.4
Amos-17,2019-08-06T22:52:00.000Z,1,5e9d0d95eda69973a809d1ec,5e9e4501f509094ba4566f84,83,1,0,0,0,Falcon 9,70,3.7,549054,2,0,50000000,1,1,9,7607,8227,CCSFS SLC 40,Florida,America/New_York,28.5618571,-80.577366,99,97,active,0.97979798,1,6500,6500,GTO,Commercial_Other,Israel,Boeing Satellite Systems,Satellite,2019,8,218,22,1,3,0,1,24.2,94.74,9.4,0,0,16,1016.2
Starlink-1,2019-11-11T14:56:00.000Z,1,5e9d0d95eda69973a809d1ec,5e9e4501f509094ba4566f84,84,1,0,0,0,Falcon 9,70,3.7,549054,2,0,50000000,1,1,9,7607,8227,CCSFS SLC 40,Florida,America/New_York,28.5618571,-80.577366,99,97,active,0.97979798,1,15600,15600,VLEO,SpaceX,United States,SpaceX,Satellite,2019,11,315,14,0,4,0,0,19.3,77.38,6.3,0,19,16,1020.2
CRS-19,2019-12-05T17:29:23.000Z,1,5e9d0d95eda69973a809d1ec,5e9e4501f509094ba4566f84,85,1,0,0,0,Falcon 9,70,3.7,549054,2,0,50000000,1,1,9,7607,8227,CCSFS SLC 40,Florida,America/New_York,28.5618571,-80.577366,99,97,active,0.97979798,1,5000,5000,ISS,Government,United States,SpaceX,Dragon 1.1,2019,12,339,17,3,4,0,0,10.7,74.25,11.4,0,0,16,1016.3
JCSat 18 / Kacific 1,2019-12-17T00:10:00.000Z,1,5e9d0d95eda69973a809d1ec,5e9e4501f509094ba4566f84,86,1,0,0,0,Falcon 9,70,3.7,549054,2,0,50000000,1,1,9,7607,8227,CCSFS SLC 40,Florida,America/New_York,28.5618571,-80.577366,99,97,active,0.97979798,1,6800,6800,GTO,Commercial_Satellite,Japan,Boeing Satellite Systems,Satellite,2019,12,351,0,1,4,0,1,23,92.49,16,0,0,15.8,1018.3
Starlink-2,2020-01-07T02:19:00.000Z,1,5e9d0d95eda69973a809d1ec,5e9e4501f509094ba4566f84,87,1,0,0,0,Falcon 9,70,3.7,549054,2,0,50000000,1,1,9,7607,8227,CCSFS SLC 40,Florida,America/New_York,28.5618571,-80.577366,99,97,active,0.97979798,1,15600,15600,VLEO,SpaceX,United States,SpaceX,Satellite,2020,1,7,2,1,1,0,1,6.7,85.17,3.7,0,0,16,1021.7
Crew Dragon In Flight Abort Test,2020-01-19T14:00:00.000Z,1,5e9d0d95eda69973a809d1ec,5e9e4502f509094188566f88,88,1,0,0,0,Falcon 9,70,3.7,549054,2,0,50000000,1,1,9,7607,8227,KSC LC 39A,Florida,America/New_York,28.6080585,-80.6039558,55,55,active,1,1,0,0,SO,Government,United States,SpaceX,Crew Dragon,2020,1,19,14,6,1,1,0,20.1,78.93,14.2,0,89.1,16,1023.1
Starlink-3,2020-01-29T14:06:00.000Z,1,5e9d0d95eda69973a809d1ec,5e9e4501f509094ba4566f84,89,1,0,0,0,Falcon 9,70,3.7,549054,2,0,50000000,1,1,9,7607,8227,CCSFS SLC 40,Florida,America/New_York,28.5618571,-80.577366,99,97,active,0.97979798,1,15600,15600,VLEO,SpaceX,United States,SpaceX,Satellite,2020,1,29,14,2,1,0,0,11.7,86.08,10.2,0,0,16,1016.4
Starlink-4,2020-02-17T15:05:55.000Z,1,5e9d0d95eda69973a809d1ec,5e9e4501f509094ba4566f84,90,1,0,0,0,Falcon 9,70,3.7,549054,2,0,50000000,1,1,9,7607,8227,CCSFS SLC 40,Florida,America/New_York,28.5618571,-80.577366,99,97,active,0.97979798,1,15600,15600,VLEO,SpaceX,United States,SpaceX,Satellite,2020,2,48,15,0,1,0,0,19.8,94.66,6.3,0.119,78.7,16,1018.1
CRS-20,2020-03-07T04:50:31.000Z,1,5e9d0d95eda69973a809d1ec,5e9e4501f509094ba4566f84,91,1,0,0,0,Falcon 9,70,3.7,549054,2,0,50000000,1,1,9,7607,8227,CCSFS SLC 40,Florida,America/New_York,28.5618571,-80.577366,99,97,active,0.97979798,1,1977,1977,ISS,Government,United States,SpaceX,Dragon 1.1,2020,3,67,4,5,1,1,1,15,41.46,14.9,0,0,16,1022.5
Starlink-5,2020-03-18T12:16:00.000Z,1,5e9d0d95eda69973a809d1ec,5e9e4502f509094188566f88,92,1,0,0,0,Falcon 9,70,3.7,549054,2,0,50000000,1,1,9,7607,8227,KSC LC 39A,Florida,America/New_York,28.6080585,-80.6039558,55,55,active,1,1,15600,15600,VLEO,SpaceX,United States,SpaceX,Satellite,2020,3,78,12,2,1,0,0,21.3,83.51,8.7,0,0,15.5,1024
Starlink-6,2020-04-22T19:30:00.000Z,1,5e9d0d95eda69973a809d1ec,5e9e4502f509094188566f88,93,1,0,0,0,Falcon 9,70,3.7,549054,2,0,50000000,1,1,9,7607,8227,KSC LC 39A,Florida,America/New_York,28.6080585,-80.6039558,55,55,active,1,1,15600,15600,VLEO,SpaceX,United States,SpaceX,Satellite,2020,4,113,19,2,2,0,0,18.7,87.65,0.3,0,0,16,1015.5
CCtCap Demo Mission 2,2020-05-30T19:22:00.000Z,1,5e9d0d95eda69973a809d1ec,5e9e4502f509094188566f88,94,1,0,0,0,Falcon 9,70,3.7,549054,2,0,50000000,1,1,9,7607,8227,KSC LC 39A,Florida,America/New_York,28.6080585,-80.6039558,55,55,active,1,1,9525,9525,ISS,Government,United States,SpaceX,Crew Dragon,2020,5,151,19,5,2,1,0,23.1,92.55,8.9,13.885,55.5,14.4,1018.8
Starlink-7,2020-06-04T01:25:00.000Z,1,5e9d0d95eda69973a809d1ec,5e9e4501f509094ba4566f84,95,1,0,0,0,Falcon 9,70,3.7,549054,2,0,50000000,1,1,9,7607,8227,CCSFS SLC 40,Florida,America/New_York,28.5618571,-80.577366,99,97,active,0.97979798,1,15600,15600,VLEO,SpaceX,United States,SpaceX,Satellite,2020,6,156,1,3,2,0,1,24,92,0.2,0,19,16,1016.1
Starlink-8 & SkySat 16-18,2020-06-13T09:21:00.000Z,1,5e9d0d95eda69973a809d1ec,5e9e4501f509094ba4566f84,96,1,0,0,0,Falcon 9,70,3.7,549054,2,0,50000000,1,1,9,7607,8227,CCSFS SLC 40,Florida,America/New_York,28.5618571,-80.577366,99,97,active,0.97979798,1,15600,15600,VLEO,SpaceX,United States,SpaceX,Satellite,2020,6,165,9,5,2,1,0,25.5,77.06,12.4,0,18.6,16,1016.7
GPS III SV03 (Columbus),2020-06-30T19:55:00.000Z,1,5e9d0d95eda69973a809d1ec,5e9e4501f509094ba4566f84,97,1,0,0,0,Falcon 9,70,3.7,549054,2,0,50000000,1,1,9,7607,8227,CCSFS SLC 40,Florida,America/New_York,28.5618571,-80.577366,99,97,active,0.97979798,1,3880,3880,MEO,Government,United States,Lockheed Martin,Satellite,2020,6,182,19,1,2,0,0,27.8,74.08,7.7,0,0,14.1,1015.9
ANASIS-II,2020-07-20T21:30:00.000Z,1,5e9d0d95eda69973a809d1ec,5e9e4501f509094ba4566f84,98,1,0,0,0,Falcon 9,70,3.7,549054,2,0,50000000,1,1,9,7607,8227,CCSFS SLC 40,Florida,America/New_York,28.5618571,-80.577366,99,97,active,0.97979798,1,0,0,GEO,Commercial_Other,South Korea,South Korea,Satellite,2020,7,202,21,0,3,0,1,27.1,84.08,10.5,0,17.8,16,1018.1
Starlink-9 (v1.0) & BlackSky Global 5-6,2020-08-07T05:12:00.000Z,1,5e9d0d95eda69973a809d1ec,5e9e4502f509094188566f88,99,1,0,0,0,Falcon 9,70,3.7,549054,2,0,50000000,1,1,9,7607,8227,KSC LC 39A,Florida,America/New_York,28.6080585,-80.6039558,55,55,active,1,2,15712,15600,VLEO,SpaceX,United States,SpaceX,Satellite,2020,8,220,5,4,3,0,1,25.5,90.27,0.3,0,0,16,1017.7
Starlink-10 (v1.0) & SkySat 19-21,2020-08-18T14:31:00.000Z,1,5e9d0d95eda69973a809d1ec,5e9e4501f509094ba4566f84,100,1,0,0,0,Falcon 9,70,3.7,549054,2,0,50000000,1,1,9,7607,8227,CCSFS SLC 40,Florida,America/New_York,28.5618571,-80.577366,99,97,active,0.97979798,1,15600,15600,VLEO,SpaceX,United States,SpaceX,Satellite,2020,8,231,14,1,3,0,0,25.1,89.98,2.5,0,17.8,16,1015
"SAOCOM 1B, GNOMES-1, Tyvak-0172",2020-08-30T23:18:00.000Z,1,5e9d0d95eda69973a809d1ec,5e9e4501f509094ba4566f84,101,1,0,0,0,Falcon 9,70,3.7,549054,2,0,50000000,1,1,9,7607,8227,CCSFS SLC 40,Florida,America/New_York,28.5618571,-80.577366,99,97,active,0.97979798,1,1600,1600,SSO,Commercial_Other,Argentina,Unknown,Satellite,2020,8,243,23,6,3,1,1,25.9,89.59,8.9,0,1.1,16,1015.5
Starlink-11 (v1.0),2020-09-03T12:46:00.000Z,1,5e9d0d95eda69973a809d1ec,5e9e4502f509094188566f88,102,1,0,0,0,Falcon 9,70,3.7,549054,2,0,50000000,1,1,9,7607,8227,KSC LC 39A,Florida,America/New_York,28.6080585,-80.6039558,55,55,active,1,1,15600,15600,VLEO,SpaceX,United States,SpaceX,Satellite,2020,9,247,12,3,3,0,0,27.6,87.85,5.5,0,35.4,16,1017
Starlink-12 (v1.0),2020-10-06T11:29:00.000Z,1,5e9d0d95eda69973a809d1ec,5e9e4502f509094188566f88,103,1,0,0,0,Falcon 9,70,3.7,549054,2,0,50000000,1,1,9,7607,8227,KSC LC 39A,Florida,America/New_York,28.6080585,-80.6039558,55,55,active,1,1,15600,15600,VLEO,SpaceX,United States,SpaceX,Satellite,2020,10,280,11,1,4,0,0,25.8,89.91,2.8,0,0,16,1015.9
Starlink-13 (v1.0),2020-10-18T12:25:00.000Z,1,5e9d0d95eda69973a809d1ec,5e9e4502f509094188566f88,104,1,0,0,0,Falcon 9,70,3.7,549054,2,0,50000000,1,1,9,7607,8227,KSC LC 39A,Florida,America/New_York,28.6080585,-80.6039558,55,55,active,1,1,15600,15600,VLEO,SpaceX,United States,SpaceX,Satellite,2020,10,292,12,6,4,1,0,25.6,74.25,13,0,35.4,16,1019.6
Starlink-14 (v1.0),2020-10-24T15:31:00.000Z,1,5e9d0d95eda69973a809d1ec,5e9e4501f509094ba4566f84,105,1,0,0,0,Falcon 9,70,3.7,549054,2,0,50000000,1,1,9,7607,8227,CCSFS SLC 40,Florida,America/New_York,28.5618571,-80.577366,99,97,active,0.97979798,1,15600,15600,VLEO,SpaceX,United States,SpaceX,Satellite,2020,10,298,15,5,4,1,0,24.4,80.25,9.1,0,26.8,16,1015.7
GPS III SV04 (Sacagawea),2020-11-05T23:24:00.000Z,1,5e9d0d95eda69973a809d1ec,5e9e4501f509094ba4566f84,106,1,0,0,0,Falcon 9,70,3.7,549054,2,0,50000000,1,1,9,7607,8227,CCSFS SLC 40,Florida,America/New_York,28.5618571,-80.577366,99,97,active,0.97979798,1,3681,3681,MEO,Commercial_Other,United States,Lockheed Martin,Satellite,2020,11,310,23,3,4,0,1,24,64.41,19.1,0,16,16,1023.5
Crew-1,2020-11-16T00:27:00.000Z,1,5e9d0d95eda69973a809d1ec,5e9e4502f509094188566f88,107,1,0,0,0,Falcon 9,70,3.7,549054,2,0,50000000,1,1,9,7607,8227,KSC LC 39A,Florida,America/New_York,28.6080585,-80.6039558,55,55,active,1,1,0,0,ISS,Government,United States,SpaceX,Crew Dragon,2020,11,321,0,0,4,0,1,22.7,93.11,1.7,0,89.3,16,1018.7
Sentinel-6 Michael Freilich,2020-11-21T17:17:00.000Z,1,5e9d0d95eda69973a809d1ec,5e9e4502f509092b78566f87,108,1,0,0,0,Falcon 9,70,3.7,549054,2,0,50000000,1,1,9,7607,8227,VAFB SLC 4E,California,America/Los_Angeles,34.632093,-120.610829,28,27,active,0.964285714,1,1440,1440,PO,Government,United States,Unknown,Satellite,2020,11,326,17,5,4,1,0,7,87.97,10,0,0,16,1019.6
Starlink-15 (v1.0),2020-11-25T02:13:00.000Z,1,5e9d0d95eda69973a809d1ec,5e9e4501f509094ba4566f84,109,1,0,0,0,Falcon 9,70,3.7,549054,2,0,50000000,1,1,9,7607,8227,CCSFS SLC 40,Florida,America/New_York,28.5618571,-80.577366,99,97,active,0.97979798,1,15600,15600,VLEO,SpaceX,United States,SpaceX,Satellite,2020,11,330,2,2,4,0,1,22.8,61.6,19.3,0,90,16,1022.7
CRS-21,2020-12-06T16:17:00.000Z,1,5e9d0d95eda69973a809d1ec,5e9e4502f509094188566f88,110,1,0,0,0,Falcon 9,70,3.7,549054,2,0,50000000,1,1,9,7607,8227,KSC LC 39A,Florida,America/New_York,28.6080585,-80.6039558,55,55,active,1,1,2972,2972,ISS,Government,United States,SpaceX,Dragon 2.0,2020,12,341,16,6,4,1,0,11.3,85.68,7.7,0,0,16,1017.8
SXM-7,2020-12-13T17:30:00.000Z,1,5e9d0d95eda69973a809d1ec,5e9e4501f509094ba4566f84,111,1,0,0,0,Falcon 9,70,3.7,549054,2,0,50000000,1,1,9,7607,8227,CCSFS SLC 40,Florida,America/New_York,28.5618571,-80.577366,99,97,active,0.97979798,1,7000,7000,GTO,Commercial_Other,United States,SSL,Satellite,2020,12,348,17,6,4,1,0,20.2,88.29,7.9,0,100,16,1019.1
NROL-108,2020-12-19T14:00:00.000Z,1,5e9d0d95eda69973a809d1ec,5e9e4502f509094188566f88,112,1,0,0,0,Falcon 9,70,3.7,549054,2,0,50000000,1,1,9,7607,8227,KSC LC 39A,Florida,America/New_York,28.6080585,-80.6039558,55,55,active,1,1,0,0,Unknown,Commercial_Other,United States,Unknown,Satellite,2020,12,354,14,5,4,1,0,10.9,88.14,11.9,0,61.2,16,1025.7
Turksat 5A,2021-01-08T02:15:00.000Z,1,5e9d0d95eda69973a809d1ec,5e9e4501f509094ba4566f84,113,1,0,0,0,Falcon 9,70,3.7,549054,2,0,50000000,1,1,9,7607,8227,CCSFS SLC 40,Florida,America/New_York,28.5618571,-80.577366,99,97,active,0.97979798,1,3500,3500,GTO,Commercial_Other,Turkey,Airbus Defence and Space,Satellite,2021,1,8,2,4,1,0,1,20.1,69.65,23,0,97.9,16,1012.9
Starlink-16 (v1.0),2021-01-20T13:02:00.000Z,1,5e9d0d95eda69973a809d1ec,5e9e4502f509094188566f88,114,1,0,0,0,Falcon 9,70,3.7,549054,2,0,50000000,1,1,9,7607,8227,KSC LC 39A,Florida,America/New_York,28.6080585,-80.6039558,55,55,active,1,1,15600,15600,VLEO,SpaceX,United States,SpaceX,Satellite,2021,1,20,13,2,1,0,0,9.3,88.59,7,0,0,12.3,1027.1
Transporter-1,2021-01-24T15:00:00.000Z,1,5e9d0d95eda69973a809d1ec,5e9e4501f509094ba4566f84,115,1,0,0,0,Falcon 9,70,3.7,549054,2,0,50000000,1,1,9,7607,8227,CCSFS SLC 40,Florida,America/New_York,28.5618571,-80.577366,99,97,active,0.97979798,1,0,0,SSO,Unknown,United States,Unknown,Satellite,2021,1,24,15,6,1,1,0,18.9,84.85,7.3,0,100,16,1019.6
Starlink-18 (v1.0),2021-02-04T06:19:00.000Z,1,5e9d0d95eda69973a809d1ec,5e9e4501f509094ba4566f84,116,1,0,0,0,Falcon 9,70,3.7,549054,2,0,50000000,1,1,9,7607,8227,CCSFS SLC 40,Florida,America/New_York,28.5618571,-80.577366,99,97,active,0.97979798,1,15600,15600,VLEO,SpaceX,United States,SpaceX,Satellite,2021,2,35,6,3,1,0,0,3.8,75.34,2.4,0,0,16,1019.4
Starlink-19 (v1.0),2021-02-16T03:59:00.000Z,1,5e9d0d95eda69973a809d1ec,5e9e4501f509094ba4566f84,117,1,0,0,0,Falcon 9,70,3.7,549054,2,0,50000000,1,1,9,7607,8227,CCSFS SLC 40,Florida,America/New_York,28.5618571,-80.577366,99,97,active,0.97979798,1,15600,15600,VLEO,SpaceX,United States,SpaceX,Satellite,2021,2,47,3,1,1,0,1,22.6,87.62,19.2,0,17.2,16,1014.2
Starlink-17 (v1.0),2021-03-04T08:24:00.000Z,1,5e9d0d95eda69973a809d1ec,5e9e4502f509094188566f88,118,1,0,0,0,Falcon 9,70,3.7,549054,2,0,50000000,1,1,9,7607,8227,KSC LC 39A,Florida,America/New_York,28.6080585,-80.6039558,55,55,active,1,1,15600,15600,VLEO,SpaceX,United States,SpaceX,Satellite,2021,3,63,8,3,1,0,0,14.4,86.2,13.3,0,100,16,1016.6
Starlink-20 (v1.0),2021-03-11T08:13:00.000Z,1,5e9d0d95eda69973a809d1ec,5e9e4501f509094ba4566f84,119,1,0,0,0,Falcon 9,70,3.7,549054,2,0,50000000,1,1,9,7607,8227,CCSFS SLC 40,Florida,America/New_York,28.5618571,-80.577366,99,97,active,0.97979798,1,15600,15600,VLEO,SpaceX,United States,SpaceX,Satellite,2021,3,70,8,3,1,0,0,19.2,73.33,10.3,0,30.3,16,1028.4
Starlink-21 (v1.0),2021-03-14T10:01:00.000Z,1,5e9d0d95eda69973a809d1ec,5e9e4502f509094188566f88,120,1,0,0,0,Falcon 9,70,3.7,549054,2,0,50000000,1,1,9,7607,8227,KSC LC 39A,Florida,America/New_York,28.6080585,-80.6039558,55,55,active,1,1,15600,15600,VLEO,SpaceX,United States,SpaceX,Satellite,2021,3,73,10,6,1,1,0,14,92.09,4.1,0,0,16,1023
Starlink-22 (v1.0),2021-03-24T08:28:00.000Z,1,5e9d0d95eda69973a809d1ec,5e9e4501f509094ba4566f84,121,1,0,0,0,Falcon 9,70,3.7,549054,2,0,50000000,1,1,9,7607,8227,CCSFS SLC 40,Florida,America/New_York,28.5618571,-80.577366,99,97,active,0.97979798,1,15600,15600,VLEO,SpaceX,United States,SpaceX,Satellite,2021,3,83,8,2,1,0,0,16.5,88.72,5.9,0,0,16,1015.6
Starlink-23 (v1.0),2021-04-07T16:34:00.000Z,1,5e9d0d95eda69973a809d1ec,5e9e4501f509094ba4566f84,122,1,0,0,0,Falcon 9,70,3.7,549054,2,0,50000000,1,1,9,7607,8227,CCSFS SLC 40,Florida,America/New_York,28.5618571,-80.577366,99,97,active,0.97979798,1,15600,15600,VLEO,SpaceX,United States,SpaceX,Satellite,2021,4,97,16,2,2,0,0,14.9,84.06,0.4,0,0,16,1019.7
Crew-2,2021-04-23T09:49:00.000Z,1,5e9d0d95eda69973a809d1ec,5e9e4502f509094188566f88,123,1,0,0,0,Falcon 9,70,3.7,549054,2,0,50000000,1,1,9,7607,8227,KSC LC 39A,Florida,America/New_York,28.6080585,-80.6039558,55,55,active,1,1,0,0,ISS,Government,United States,SpaceX,Crew Dragon,2021,4,113,9,4,2,0,0,18.4,83.46,10.9,0,0,16,1020
Starlink-24 (v1.0),2021-04-29T03:44:00.000Z,1,5e9d0d95eda69973a809d1ec,5e9e4501f509094ba4566f84,124,1,0,0,0,Falcon 9,70,3.7,549054,2,0,50000000,1,1,9,7607,8227,CCSFS SLC 40,Florida,America/New_York,28.5618571,-80.577366,99,97,active,0.97979798,1,15600,15600,VLEO,SpaceX,United States,SpaceX,Satellite,2021,4,119,3,3,2,0,1,22.6,81.05,15.6,0,0,16,1018.9
Starlink-25 (v1.0),2021-05-04T19:01:00.000Z,1,5e9d0d95eda69973a809d1ec,5e9e4502f509094188566f88,125,1,0,0,0,Falcon 9,70,3.7,549054,2,0,50000000,1,1,9,7607,8227,KSC LC 39A,Florida,America/New_York,28.6080585,-80.6039558,55,55,active,1,1,15600,15600,VLEO,SpaceX,United States,SpaceX,Satellite,2021,5,124,19,1,2,0,0,23.6,88.79,13,0,27.3,16,1016
Starlink-27 (v1.0),2021-05-09T06:42:00.000Z,1,5e9d0d95eda69973a809d1ec,5e9e4501f509094ba4566f84,126,1,0,0,0,Falcon 9,70,3.7,549054,2,0,50000000,1,1,9,7607,8227,CCSFS SLC 40,Florida,America/New_York,28.5618571,-80.577366,99,97,active,0.97979798,1,15600,15600,VLEO,SpaceX,United States,SpaceX,Satellite,2021,5,129,6,6,2,1,0,19.7,69.95,10.2,0,0,16,1020.2
Starlink-26 (v1.0) + Capella-6 + Tyvak-0130,2021-05-15T22:54:00.000Z,1,5e9d0d95eda69973a809d1ec,5e9e4502f509094188566f88,127,1,0,0,0,Falcon 9,70,3.7,549054,2,0,50000000,1,1,9,7607,8227,KSC LC 39A,Florida,America/New_York,28.6080585,-80.6039558,55,55,active,1,3,13632,13520,VLEO,SpaceX,United States,SpaceX,Satellite,2021,5,135,22,5,2,1,1,22.5,66.34,19.1,0,7.2,16,1020.4
Starlink-28 (v1.0),2021-05-26T18:59:00.000Z,1,5e9d0d95eda69973a809d1ec,5e9e4501f509094ba4566f84,128,1,0,0,0,Falcon 9,70,3.7,549054,2,0,50000000,1,1,9,7607,8227,CCSFS SLC 40,Florida,America/New_York,28.5618571,-80.577366,99,97,active,0.97979798,1,15600,15600,VLEO,SpaceX,United States,SpaceX,Satellite,2021,5,146,18,2,2,0,0,22.2,82.26,9.1,0,0,16,1023.6
CRS-22 & IROSA,2021-06-03T17:29:00.000Z,1,5e9d0d95eda69973a809d1ec,5e9e4502f509094188566f88,129,1,0,0,0,Falcon 9,70,3.7,549054,2,0,50000000,1,1,9,7607,8227,KSC LC 39A,Florida,America/New_York,28.6080585,-80.6039558,55,55,active,1,1,3328,3328,ISS,Government,United States,SpaceX,Dragon 2.0,2021,6,154,17,3,2,0,0,24,90.76,11.9,0,71.4,16,1018
SXM-8,2021-06-06T04:26:00.000Z,1,5e9d0d95eda69973a809d1ec,5e9e4501f509094ba4566f84,130,1,0,0,0,Falcon 9,70,3.7,549054,2,0,50000000,1,1,9,7607,8227,CCSFS SLC 40,Florida,America/New_York,28.5618571,-80.577366,99,97,active,0.97979798,1,7000,7000,GTO,Commercial_Other,United States,SSL,Satellite,2021,6,157,4,6,2,1,1,25.8,85.37,17.6,0,0,16,1019.3
GPS III SV05,2021-06-17T16:09:00.000Z,1,5e9d0d95eda69973a809d1ec,5e9e4501f509094ba4566f84,131,1,0,0,0,Falcon 9,70,3.7,549054,2,0,50000000,1,1,9,7607,8227,CCSFS SLC 40,Florida,America/New_York,28.5618571,-80.577366,99,97,active,0.97979798,1,3681,3681,MEO,Government,United States,Lockheed Martin,Satellite,2021,6,168,16,3,2,0,0,23.1,88.49,20,0,88.9,16,1017.2
Transporter-2,2021-06-30T19:31:00.000Z,1,5e9d0d95eda69973a809d1ec,5e9e4501f509094ba4566f84,132,1,0,0,0,Falcon 9,70,3.7,549054,2,0,50000000,1,1,9,7607,8227,CCSFS SLC 40,Florida,America/New_York,28.5618571,-80.577366,99,97,active,0.97979798,1,0,0,SSO,Unknown,United States,Unknown,Satellite,2021,6,181,19,2,2,0,0,25.1,88.03,4.7,0,27.4,16,1022
CRS-23,2021-08-29T07:14:00.000Z,1,5e9d0d95eda69973a809d1ec,5e9e4502f509094188566f88,133,1,0,0,0,Falcon 9,70,3.7,549054,2,0,50000000,1,1,9,7607,8227,KSC LC 39A,Florida,America/New_York,28.6080585,-80.6039558,55,55,active,1,1,0,0,ISS,Government,United States,SpaceX,Dragon 2.0,2021,8,241,7,6,3,1,0,26.8,91.19,8.6,0,7.2,16,1019.7
Starlink 2-1 (v1.5),2021-09-14T03:55:00.000Z,1,5e9d0d95eda69973a809d1ec,5e9e4502f509092b78566f87,134,1,0,0,0,Falcon 9,70,3.7,549054,2,0,50000000,1,1,9,7607,8227,VAFB SLC 4E,California,America/Los_Angeles,34.632093,-120.610829,28,27,active,0.964285714,1,15600,15600,PO,SpaceX,United States,SpaceX,Satellite,2021,9,257,3,1,3,0,1,14.3,96.16,5.1,0,100,4.9,1012.6
Inspiration4,2021-09-16T00:02:00.000Z,1,5e9d0d95eda69973a809d1ec,5e9e4502f509094188566f88,135,1,0,0,0,Falcon 9,70,3.7,549054,2,0,50000000,1,1,9,7607,8227,KSC LC 39A,Florida,America/New_York,28.6080585,-80.6039558,55,55,active,1,1,0,0,LEO,Commercial_Other,United States,SpaceX,Crew Dragon,2021,9,259,0,3,3,0,1,24.1,90.42,0.2,0,7.2,16,1014.6
Crew-3,2021-11-11T02:03:00.000Z,1,5e9d0d95eda69973a809d1ec,5e9e4502f509094188566f88,136,1,0,0,0,Falcon 9,70,3.7,549054,2,0,50000000,1,1,9,7607,8227,KSC LC 39A,Florida,America/New_York,28.6080585,-80.6039558,55,55,active,1,1,12519,12519,ISS,Government,United States,SpaceX,Crew Dragon,2021,11,315,2,3,4,0,1,19.1,95.44,4,0,89.1,13.9,1019.3
Starlink 4-1 (v1.5),2021-11-13T12:40:00.000Z,1,5e9d0d95eda69973a809d1ec,5e9e4501f509094ba4566f84,137,1,0,0,0,Falcon 9,70,3.7,549054,2,0,50000000,1,1,9,7607,8227,CCSFS SLC 40,Florida,America/New_York,28.5618571,-80.577366,99,97,active,0.97979798,1,13260,13260,LEO,SpaceX,United States,SpaceX,Satellite,2021,11,317,12,5,4,1,0,18,95.34,0,0,0,9.6,1016.9
DART,2021-11-24T06:20:00.000Z,1,5e9d0d95eda69973a809d1ec,5e9e4502f509092b78566f87,138,1,0,0,0,Falcon 9,70,3.7,549054,2,0,50000000,1,1,9,7607,8227,VAFB SLC 4E,California,America/Los_Angeles,34.632093,-120.610829,28,27,active,0.964285714,1,670,670,TLI,Government,United States,Applied Physics Laboratory,Satellite,2021,11,328,6,2,4,0,0,8.2,79.97,11.4,0,0,15.7,1015.9
Starlink 4-3 (v1.5),2021-12-01T23:20:00.000Z,1,5e9d0d95eda69973a809d1ec,5e9e4501f509094ba4566f84,139,1,0,0,0,Falcon 9,70,3.7,549054,2,0,50000000,1,1,9,7607,8227,CCSFS SLC 40,Florida,America/New_York,28.5618571,-80.577366,99,97,active,0.97979798,1,13260,13260,PO,SpaceX,United States,SpaceX,Satellite,2021,12,335,23,2,4,0,1,14.6,85.5,10.7,0,0,16,1022.1
IXPE,2021-12-09T06:00:00.000Z,1,5e9d0d95eda69973a809d1ec,5e9e4502f509094188566f88,140,1,0,0,0,Falcon 9,70,3.7,549054,2,0,50000000,1,1,9,7607,8227,KSC LC 39A,Florida,America/New_York,28.6080585,-80.6039558,55,55,active,1,1,330,330,LEO,Government,United States,Ball Aerospace & Technologies,Satellite,2021,12,343,6,3,4,0,0,19.3,89.2,7.8,0,2.3,16,1017
Starlink 4-4 (v1.5),2021-12-18T12:41:40.000Z,1,5e9d0d95eda69973a809d1ec,5e9e4502f509092b78566f87,141,0,0,0,0,Falcon 9,70,3.7,549054,2,0,50000000,1,1,9,7607,8227,VAFB SLC 4E,California,America/Los_Angeles,34.632093,-120.610829,28,27,active,0.964285714,1,13260,13260,PO,SpaceX,United States,SpaceX,Satellite,2021,12,352,12,5,4,1,0,4.3,95.92,11,0,0,14.1,1023.1
Türksat 5B,2021-12-19T03:58:00.000Z,1,5e9d0d95eda69973a809d1ec,5e9e4501f509094ba4566f84,142,0,0,0,0,Falcon 9,70,3.7,549054,2,0,50000000,1,1,9,7607,8227,CCSFS SLC 40,Florida,America/New_York,28.5618571,-80.577366,99,97,active,0.97979798,1,3500,3500,GTO,Commercial_Other,Turkey,Airbus Defence and Space,Satellite,2021,12,353,3,6,4,1,1,22.3,94.81,8.1,0,0,16,1017.6
CRS-24,2021-12-21T10:06:00.000Z,1,5e9d0d95eda69973a809d1ec,5e9e4502f509094188566f88,143,1,0,0,0,Falcon 9,70,3.7,549054,2,0,50000000,1,1,9,7607,8227,KSC LC 39A,Florida,America/New_York,28.6080585,-80.6039558,55,55,active,1,1,0,0,ISS,Government,United States,SpaceX,Dragon 2.0,2021,12,355,10,1,4,0,0,19.9,94.05,16.6,1.874,29.5,8.2,1013.5
Starlink 4-5 (v1.5),2022-01-06T21:49:00.000Z,1,5e9d0d95eda69973a809d1ec,5e9e4502f509094188566f88,144,1,0,0,0,Falcon 9,70,3.7,549054,2,0,50000000,1,1,9,7607,8227,KSC LC 39A,Florida,America/New_York,28.6080585,-80.6039558,55,55,active,1,1,13260,13260,VLEO,SpaceX,United States,SpaceX,Satellite,2022,1,6,21,3,1,0,1,17.2,86.24,8.8,0,84.7,16,1015.1
Transporter-3,2022-01-13T15:25:00.000Z,1,5e9d0d95eda69973a809d1ec,5e9e4501f509094ba4566f84,145,1,0,0,0,Falcon 9,70,3.7,549054,2,0,50000000,1,1,9,7607,8227,CCSFS SLC 40,Florida,America/New_York,28.5618571,-80.577366,99,97,active,0.97979798,1,0,0,LEO,Government,United States,Unknown,Satellite,2022,1,13,15,3,1,0,0,16.3,74.37,8.1,0,81.9,16,1018.9
Starlink 4-6 (v1.5),2022-01-19T00:04:00.000Z,1,5e9d0d95eda69973a809d1ec,5e9e4502f509094188566f88,146,1,0,0,0,Falcon 9,70,3.7,549054,2,0,50000000,1,1,9,7607,8227,KSC LC 39A,Florida,America/New_York,28.6080585,-80.6039558,55,55,active,1,1,13260,13260,VLEO,SpaceX,United States,SpaceX,Satellite,2022,1,19,0,2,1,0,1,7.5,90.92,1.8,0,0,16,1023.3
CSG-2,2022-01-31T23:11:12.000Z,1,5e9d0d95eda69973a809d1ec,5e9e4501f509094ba4566f84,147,0,0,0,0,Falcon 9,70,3.7,549054,2,0,50000000,1,1,9,7607,8227,CCSFS SLC 40,Florida,America/New_York,28.5618571,-80.577366,99,97,active,0.97979798,1,2240,2240,SSO,Commercial_Other,Unknown,Unknown,Satellite,2022,1,31,23,0,1,0,1,1.6,83.02,3.8,0,0,16,1024.2
NROL-87,2022-02-02T20:18:00.000Z,1,5e9d0d95eda69973a809d1ec,5e9e4502f509092b78566f87,148,1,0,0,0,Falcon 9,70,3.7,549054,2,0,50000000,1,1,9,7607,8227,VAFB SLC 4E,California,America/Los_Angeles,34.632093,-120.610829,28,27,active,0.964285714,1,0,0,LEO,Government,United States,Unknown,Satellite,2022,2,33,20,2,1,0,0,10.4,47.52,7.8,0,0,16,1015.8
Starlink 4-7 (v1.5),2022-02-03T18:13:00.000Z,1,5e9d0d95eda69973a809d1ec,5e9e4502f509094188566f88,149,1,0,0,0,Falcon 9,70,3.7,549054,2,0,50000000,1,1,9,7607,8227,KSC LC 39A,Florida,America/New_York,28.6080585,-80.6039558,55,55,active,1,1,13260,13260,VLEO,SpaceX,United States,SpaceX,Satellite,2022,2,34,18,3,1,0,0,17.2,79.51,9.7,0,0,16,1021.1
Starlink 4-8 (v1.5),2022-02-21T14:44:00.000Z,1,5e9d0d95eda69973a809d1ec,5e9e4501f509094ba4566f84,150,1,0,0,0,Falcon 9,70,3.7,549054,2,0,50000000,1,1,9,7607,8227,CCSFS SLC 40,Florida,America/New_York,28.5618571,-80.577366,99,97,active,0.97979798,1,13260,13260,VLEO,SpaceX,United States,SpaceX,Satellite,2022,2,52,14,0,1,0,0,16.6,79,9.5,0,30.7,16,1025.5
Starlink 4-11 (v1.5),2022-02-25T17:12:00.000Z,1,5e9d0d95eda69973a809d1ec,5e9e4502f509092b78566f87,151,1,0,0,0,Falcon 9,70,3.7,549054,2,0,50000000,1,1,9,7607,8227,VAFB SLC 4E,California,America/Los_Angeles,34.632093,-120.610829,28,27,active,0.964285714,1,13260,13260,VLEO,SpaceX,United States,SpaceX,Satellite,2022,2,56,17,4,1,0,0,1.8,78.64,6.4,0,0,15.9,1024.2
Starlink 4-9 (v1.5),2022-03-03T14:35:00.000Z,1,5e9d0d95eda69973a809d1ec,5e9e4502f509094188566f88,152,1,0,0,0,Falcon 9,70,3.7,549054,2,0,50000000,1,1,9,7607,8227,KSC LC 39A,Florida,America/New_York,28.6080585,-80.6039558,55,55,active,1,1,13260,13260,VLEO,SpaceX,United States,SpaceX,Satellite,2022,3,62,14,3,1,0,0,14.2,92.94,0.2,0,0,16,1021.1
Starlink 4-10 (v1.5),2022-03-09T13:45:00.000Z,1,5e9d0d95eda69973a809d1ec,5e9e4501f509094ba4566f84,153,1,0,0,0,Falcon 9,70,3.7,549054,2,0,50000000,1,1,9,7607,8227,CCSFS SLC 40,Florida,America/New_York,28.5618571,-80.577366,99,97,active,0.97979798,1,13260,13260,VLEO,SpaceX,United States,SpaceX,Satellite,2022,3,68,13,2,1,0,0,22.3,88.83,10.5,0.256,32.4,16,1015.9
Starlink 4-12 (v1.5),2022-03-19T03:24:00.000Z,1,5e9d0d95eda69973a809d1ec,5e9e4501f509094ba4566f84,154,1,0,0,0,Falcon 9,70,3.7,549054,2,0,50000000,1,1,9,7607,8227,CCSFS SLC 40,Florida,America/New_York,28.5618571,-80.577366,99,97,active,0.97979798,1,13260,13260,VLEO,SpaceX,United States,SpaceX,Satellite,2022,3,78,3,5,1,1,1,22.5,87.9,8,0,74,16,1019.4
Transporter-4,2022-04-01T16:24:00.000Z,1,5e9d0d95eda69973a809d1ec,5e9e4501f509094ba4566f84,155,1,0,0,0,Falcon 9,70,3.7,549054,2,0,50000000,1,1,9,7607,8227,CCSFS SLC 40,Florida,America/New_York,28.5618571,-80.577366,99,97,active,0.97979798,1,0,0,SSO,Unknown,United States,Unknown,Satellite,2022,4,91,16,4,2,0,0,21.2,90.83,1.1,0.396,79.3,16,1013.2
Ax-1,2022-04-08T15:17:00.000Z,1,5e9d0d95eda69973a809d1ec,5e9e4502f509094188566f88,156,1,0,0,0,Falcon 9,70,3.7,549054,2,0,50000000,1,1,9,7607,8227,KSC LC 39A,Florida,America/New_York,28.6080585,-80.6039558,55,55,active,1,1,0,0,ISS,Commercial_Other,United States,SpaceX,Dragon 2.0,2022,4,98,15,4,2,0,0,21.2,86.85,12.8,0,23.8,16,1010.6
NROL-85,2022-04-17T13:13:00.000Z,1,5e9d0d95eda69973a809d1ec,5e9e4502f509092b78566f87,157,1,0,0,0,Falcon 9,70,3.7,549054,2,0,50000000,1,1,9,7607,8227,VAFB SLC 4E,California,America/Los_Angeles,34.632093,-120.610829,28,27,active,0.964285714,1,0,0,LEO,Government,United States,Unknown,Satellite,2022,4,107,13,6,2,1,0,10.1,97.37,13.9,0,94.1,3.5,1021.9
Starlink 4-14 (v1.5),2022-04-21T15:16:00.000Z,1,5e9d0d95eda69973a809d1ec,5e9e4501f509094ba4566f84,158,1,0,0,0,Falcon 9,70,3.7,549054,2,0,50000000,1,1,9,7607,8227,CCSFS SLC 40,Florida,America/New_York,28.5618571,-80.577366,99,97,active,0.97979798,1,13260,13260,VLEO,SpaceX,United States,SpaceX,Satellite,2022,4,111,15,3,2,0,0,21.7,57.69,20.6,0,99.5,16,1024.8
Crew-4,2022-04-27T07:52:00.000Z,1,5e9d0d95eda69973a809d1ec,5e9e4502f509094188566f88,159,1,0,0,0,Falcon 9,70,3.7,549054,2,0,50000000,1,1,9,7607,8227,KSC LC 39A,Florida,America/New_York,28.6080585,-80.6039558,55,55,active,1,1,0,0,ISS,Government,United States,SpaceX,Crew Dragon,2022,4,117,7,2,2,0,0,20.7,87.32,3,0,0,16,1019.3
Starlink 4-16 (v1.5),2022-04-29T21:27:00.000Z,1,5e9d0d95eda69973a809d1ec,5e9e4501f509094ba4566f84,160,1,0,0,0,Falcon 9,70,3.7,549054,2,0,50000000,1,1,9,7607,8227,CCSFS SLC 40,Florida,America/New_York,28.5618571,-80.577366,99,97,active,0.97979798,1,13260,13260,VLEO,SpaceX,United States,SpaceX,Satellite,2022,4,119,21,4,2,0,1,22.2,62.51,17,0,9,16,1018.5
Starlink 4-17 (v1.5),2022-05-06T09:42:00.000Z,1,5e9d0d95eda69973a809d1ec,5e9e4502f509094188566f88,161,1,0,0,0,Falcon 9,70,3.7,549054,2,0,50000000,1,1,9,7607,8227,KSC LC 39A,Florida,America/New_York,28.6080585,-80.6039558,55,55,active,1,1,13260,13260,VLEO,SpaceX,United States,SpaceX,Satellite,2022,5,126,9,4,2,0,0,24.6,84.2,11.8,0,42.6,16,1015.9
Starlink 4-13 (v1.5),2022-05-13T22:07:00.000Z,1,5e9d0d95eda69973a809d1ec,5e9e4502f509092b78566f87,162,1,0,0,0,Falcon 9,70,3.7,549054,2,0,50000000,1,1,9,7607,8227,VAFB SLC 4E,California,America/Los_Angeles,34.632093,-120.610829,28,27,active,0.964285714,1,13260,13260,VLEO,SpaceX,United States,SpaceX,Satellite,2022,5,133,22,4,2,0,1,8.6,87.71,10,0,0,14,1020.8
Starlink 4-15 (v1.5),2022-05-14T20:40:00.000Z,1,5e9d0d95eda69973a809d1ec,5e9e4501f509094ba4566f84,163,1,0,0,0,Falcon 9,70,3.7,549054,2,0,50000000,1,1,9,7607,8227,CCSFS SLC 40,Florida,America/New_York,28.5618571,-80.577366,99,97,active,0.97979798,1,13260,13260,VLEO,SpaceX,United States,SpaceX,Satellite,2022,5,134,20,5,2,1,0,22.5,85.64,2.1,0,19,16,1015.9
Starlink 4-18 (v1.5),2022-05-18T10:40:00.000Z,1,5e9d0d95eda69973a809d1ec,5e9e4502f509094188566f88,164,1,0,0,0,Falcon 9,70,3.7,549054,2,0,50000000,1,1,9,7607,8227,KSC LC 39A,Florida,America/New_York,28.6080585,-80.6039558,55,55,active,1,1,13260,13260,VLEO,SpaceX,United States,SpaceX,Satellite,2022,5,138,10,2,2,0,0,25.8,77.51,9,0,97.6,16,1016.4
Transporter-5,2022-05-25T18:27:00.000Z,1,5e9d0d95eda69973a809d1ec,5e9e4501f509094ba4566f84,165,1,0,0,0,Falcon 9,70,3.7,549054,2,0,50000000,1,1,9,7607,8227,CCSFS SLC 40,Florida,America/New_York,28.5618571,-80.577366,99,97,active,0.97979798,1,0,0,SSO,Unknown,United States,Unknown,Satellite,2022,5,145,18,2,2,0,0,25.3,77.6,17.6,0,9,16,1018.6
Nilesat-301,2022-06-08T21:04:00.000Z,1,5e9d0d95eda69973a809d1ec,5e9e4501f509094ba4566f84,166,1,0,0,0,Falcon 9,70,3.7,549054,2,0,50000000,1,1,9,7607,8227,CCSFS SLC 40,Florida,America/New_York,28.5618571,-80.577366,99,97,active,0.97979798,1,3938,3938,GEO,Commercial_Other,Egypt,Thales Alenia Space,Satellite,2022,6,159,21,2,2,0,1,23.8,91.4,0.2,0,0,16,1015.5
Starlink 4-19 (v1.5),2022-06-01T17:08:50.000Z,1,5e9d0d95eda69973a809d1ec,5e9e4502f509094188566f88,167,1,0,0,0,Falcon 9,70,3.7,549054,2,0,50000000,1,1,9,7607,8227,KSC LC 39A,Florida,America/New_York,28.6080585,-80.6039558,55,55,active,1,1,13260,13260,VLEO,SpaceX,United States,SpaceX,Satellite,2022,6,152,17,2,2,0,0,23.4,82,10.4,0,20.1,16,1017.1
SARah 1,2022-06-18T14:19:00.000Z,1,5e9d0d95eda69973a809d1ec,5e9e4502f509092b78566f87,168,1,0,0,0,Falcon 9,70,3.7,549054,2,0,50000000,1,1,9,7607,8227,VAFB SLC 4E,California,America/Los_Angeles,34.632093,-120.610829,28,27,active,0.964285714,1,2200,2200,SSO,Commercial_Other,Germany,Airbus Defence and Space,Satellite,2022,6,169,14,5,2,1,0,9.1,96.21,5.7,0,70.7,16,1014.2
Globalstar FM15,2022-06-19T04:27:00.000Z,1,5e9d0d95eda69973a809d1ec,5e9e4501f509094ba4566f84,169,1,0,0,0,Falcon 9,70,3.7,549054,2,0,50000000,1,1,9,7607,8227,CCSFS SLC 40,Florida,America/New_York,28.5618571,-80.577366,99,97,active,0.97979798,1,700,700,LEO,Commercial_Other,United States,Unknown,Satellite,2022,6,170,4,6,2,1,1,24.9,73.57,7.7,0,0,16,1013.1
SES-22,2022-06-29T21:04:00.000Z,1,5e9d0d95eda69973a809d1ec,5e9e4501f509094ba4566f84,170,1,0,0,0,Falcon 9,70,3.7,549054,2,0,50000000,1,1,9,7607,8227,CCSFS SLC 40,Florida,America/New_York,28.5618571,-80.577366,99,97,active,0.97979798,1,3500,3500,MEO,Commercial_Other,United States,Thales Alenia Space,Satellite,2022,6,180,21,2,2,0,1,26.5,78.2,12.2,0,0,16,1020
Starlink 4-21 (v1.5),2022-07-07T13:11:00.000Z,1,5e9d0d95eda69973a809d1ec,5e9e4501f509094ba4566f84,171,1,0,0,0,Falcon 9,70,3.7,549054,2,0,50000000,1,1,9,7607,8227,CCSFS SLC 40,Florida,America/New_York,28.5618571,-80.577366,99,97,active,0.97979798,1,13260,13260,VLEO,SpaceX,United States,SpaceX,Satellite,2022,7,188,13,3,3,0,0,26.4,88.11,0.3,0,0,16,1016.9
Starlink 3-1 (v1.5),2022-07-11T01:39:00.000Z,0,5e9d0d95eda69973a809d1ec,5e9e4502f509092b78566f87,172,1,0,0,0,Falcon 9,70,3.7,549054,2,0,50000000,1,1,9,7607,8227,VAFB SLC 4E,California,America/Los_Angeles,34.632093,-120.610829,28,27,active,0.964285714,1,13260,13260,VLEO,SpaceX,United States,SpaceX,Satellite,2022,7,192,1,0,3,0,1,12.6,97.11,7.5,0.181,100,6.2,1016.3
CRS-25,2022-07-15T00:44:00.000Z,1,5e9d0d95eda69973a809d1ec,5e9e4502f509094188566f88,173,1,0,0,0,Falcon 9,70,3.7,549054,2,0,50000000,1,1,9,7607,8227,KSC LC 39A,Florida,America/New_York,28.6080585,-80.6039558,55,55,active,1,1,0,0,ISS,Government,United States,SpaceX,Dragon 2.0,2022,7,196,0,4,3,0,1,32.57156949,20,6.560394589,0.045767162,1.300863836,16.43109402,1010.670951
Starlink 4-22 (v1.5),2022-07-17T14:50:00.000Z,1,5e9d0d95eda69973a809d1ec,5e9e4501f509094ba4566f84,174,1,0,0,0,Falcon 9,70,3.7,549054,2,0,50000000,1,1,9,7607,8227,CCSFS SLC 40,Florida,America/New_York,28.5618571,-80.577366,99,97,active,0.97979798,1,13260,13260,VLEO,SpaceX,United States,SpaceX,Satellite,2022,7,198,14,6,3,1,0,24.6,92.95,3.8,0.356,49.1,16,1016.6
Starlink 3-2 (v1.5),2022-07-21T17:13:00.000Z,1,5e9d0d95eda69973a809d1ec,5e9e4502f509092b78566f87,175,1,0,0,0,Falcon 9,70,3.7,549054,2,0,50000000,1,1,9,7607,8227,VAFB SLC 4E,California,America/Los_Angeles,34.632093,-120.610829,28,27,active,0.964285714,1,13260,13260,VLEO,SpaceX,United States,SpaceX,Satellite,2022,7,202,17,3,3,0,0,12.5,97.13,8.5,0,100,8.6,1017.3
Starlink 4-25 (v1.5),2022-07-24T00:00:00.000Z,1,5e9d0d95eda69973a809d1ec,5e9e4501f509094ba4566f84,176,1,0,0,0,Falcon 9,70,3.7,549054,2,0,50000000,1,1,9,7607,8227,CCSFS SLC 40,Florida,America/New_York,28.5618571,-80.577366,99,97,active,0.97979798,1,13260,13260,VLEO,SpaceX,United States,SpaceX,Satellite,2022,7,205,0,6,3,1,1,26.2,86.44,6.9,0,0,16,1021
KPLO,2022-08-04T23:08:00.000Z,1,5e9d0d95eda69973a809d1ec,5e9e4501f509094ba4566f84,177,1,0,0,0,Falcon 9,70,3.7,549054,2,0,50000000,1,1,9,7607,8227,CCSFS SLC 40,Florida,America/New_York,28.5618571,-80.577366,99,97,active,0.97979798,1,678,678,TLI,Commercial_Other,South Korea,KARI,Satellite,2022,8,216,23,3,3,0,1,24.10867725,61.73191076,0.207877144,0.401939754,58.60344547,15.65083058,1009.341795
Starlink 4-26 (v1.5),2022-08-09T22:57:00.000Z,1,5e9d0d95eda69973a809d1ec,5e9e4502f509094188566f88,178,1,0,0,0,Falcon 9,70,3.7,549054,2,0,50000000,1,1,9,7607,8227,KSC LC 39A,Florida,America/New_York,28.6080585,-80.6039558,55,55,active,1,1,13260,13260,VLEO,SpaceX,United States,SpaceX,Satellite,2022,8,221,22,1,3,0,1,24.57249514,70.96045428,9.404309466,1.912996344,17.76782878,19.89151233,987.2220371
Starlink 3-3 (v1.5),2022-08-12T21:30:00.000Z,1,5e9d0d95eda69973a809d1ec,5e9e4502f509092b78566f87,179,1,0,0,0,Falcon 9,70,3.7,549054,2,0,50000000,1,1,9,7607,8227,VAFB SLC 4E,California,America/Los_Angeles,34.632093,-120.610829,28,27,active,0.964285714,1,13260,13260,VLEO,SpaceX,United States,SpaceX,Satellite,2022,8,224,21,4,3,0,1,25.2656035,83.9073371,1.174931201,0.005356958,18.79203131,21.41095259,1030.151876
Starlink 4-27 (v1.5),2022-08-19T19:24:00.000Z,1,5e9d0d95eda69973a809d1ec,5e9e4501f509094ba4566f84,180,1,0,0,0,Falcon 9,70,3.7,549054,2,0,50000000,1,1,9,7607,8227,CCSFS SLC 40,Florida,America/New_York,28.5618571,-80.577366,99,97,active,0.97979798,1,13260,13260,VLEO,SpaceX,United States,SpaceX,Satellite,2022,8,231,19,4,3,0,0,24.1890964,72.59164876,0.888577942,3.96390344,71.85286021,25.2932331,1012.109836
Starlink 4-23 (v1.5),2022-08-28T02:22:00.000Z,1,5e9d0d95eda69973a809d1ec,5e9e4502f509094188566f88,181,1,0,0,0,Falcon 9,70,3.7,549054,2,0,50000000,1,1,9,7607,8227,KSC LC 39A,Florida,America/New_York,28.6080585,-80.6039558,55,55,active,1,1,13260,13260,VLEO,SpaceX,United States,SpaceX,Satellite,2022,8,240,2,6,3,1,1,21.61606808,45.6959902,3.959229822,8.648684236,57.50201837,15.64573215,1033.712491
Starlink 3-4 (v1.5),2022-08-31T05:40:00.000Z,1,5e9d0d95eda69973a809d1ec,5e9e4502f509092b78566f87,182,1,0,0,0,Falcon 9,70,3.7,549054,2,0,50000000,1,1,9,7607,8227,VAFB SLC 4E,California,America/Los_Angeles,34.632093,-120.610829,28,27,active,0.964285714,1,13260,13260,VLEO,SpaceX,United States,SpaceX,Satellite,2022,8,243,5,2,3,0,1,23.61964979,33.51521443,0.329622533,0.056988483,21.34270137,22.09137339,1007.227215
Starlink 4-20 (v1.5) & Sherpa LTC-2/Varuna-TDM,2022-09-05T02:09:00.000Z,1,5e9d0d95eda69973a809d1ec,5e9e4501f509094ba4566f84,183,1,0,0,0,Falcon 9,70,3.7,549054,2,0,50000000,1,1,9,7607,8227,CCSFS SLC 40,Florida,America/New_York,28.5618571,-80.577366,99,97,active,0.97979798,2,13440,13260,VLEO,SpaceX,United States,SpaceX,Satellite,2022,9,248,2,0,3,0,1,14.98686858,57.2549346,10.60232063,0.753980181,0.043768113,17.47725472,1022.219508
Starlink 4-2 (v1.5) & Blue Walker 3,2022-09-11T01:10:00.000Z,1,5e9d0d95eda69973a809d1ec,5e9e4502f509094188566f88,184,1,0,0,0,Falcon 9,70,3.7,549054,2,0,50000000,1,1,9,7607,8227,KSC LC 39A,Florida,America/New_York,28.6080585,-80.6039558,55,55,active,1,2,14760,13260,VLEO,SpaceX,United States,SpaceX,Satellite,2022,9,254,1,6,3,1,1,19.93231679,64.42640737,0.59869167,0.21075149,10.06906172,16.86698155,1029.4733
Starlink 4-34 (v1.5),2022-09-17T01:05:00.000Z,1,5e9d0d95eda69973a809d1ec,5e9e4501f509094ba4566f84,185,1,0,0,0,Falcon 9,70,3.7,549054,2,0,50000000,1,1,9,7607,8227,CCSFS SLC 40,Florida,America/New_York,28.5618571,-80.577366,99,97,active,0.97979798,1,13260,13260,VLEO,SpaceX,United States,SpaceX,Satellite,2022,9,260,1,5,3,1,1,21.015248,50.9054125,0.705335357,1.655228749,16.77744062,10.93958592,1037.45611
Starlink 4-35 (v1.5),2022-09-24T23:30:00.000Z,1,5e9d0d95eda69973a809d1ec,5e9e4501f509094ba4566f84,186,1,0,0,0,Falcon 9,70,3.7,549054,2,0,50000000,1,1,9,7607,8227,CCSFS SLC 40,Florida,America/New_York,28.5618571,-80.577366,99,97,active,0.97979798,1,13260,13260,VLEO,SpaceX,United States,SpaceX,Satellite,2022,9,267,23,5,3,1,1,21.95166663,77.03419739,2.706234154,0.889000527,84.29014044,18.91463767,994.9744819
Crew-5,2022-10-05T16:00:00.000Z,1,5e9d0d95eda69973a809d1ec,5e9e4502f509094188566f88,187,1,0,0,0,Falcon 9,70,3.7,549054,2,0,50000000,1,1,9,7607,8227,KSC LC 39A,Florida,America/New_York,28.6080585,-80.6039558,55,55,active,1,1,0,0,ISS,Government,United States,SpaceX,Crew Dragon,2022,10,278,16,2,4,0,0,17.58335995,75.42394179,14.83531158,0.531728541,84.79943737,11.57020024,1037.465714
USSF-44,2022-11-01T13:41:00.000Z,0,5e9d0d95eda69974db09d1ed,5e9e4502f509094188566f88,188,1,0,0,1,Falcon Heavy,70,12.2,1420788,2,2,90000000,1,1,27,22819,24681,KSC LC 39A,Florida,America/New_York,28.6080585,-80.6039558,55,55,active,1,1,3700,3700,GTO,Government,United States,USSF,Satellite,2022,11,305,13,1,4,0,0,19.32938358,95,6.480173499,2.476240537,18.43050509,21.15216524,1018.681801
Starlink 4-36 (v1.5),2022-10-20T14:50:00.000Z,0,5e9d0d95eda69973a809d1ec,5e9e4501f509094ba4566f84,188,1,0,0,1,Falcon 9,70,3.7,549054,2,0,50000000,1,1,9,7607,8227,CCSFS SLC 40,Florida,America/New_York,28.5618571,-80.577366,99,97,active,0.97979798,1,13260,13260,VLEO,SpaceX,United States,SpaceX,Satellite,2022,10,293,14,3,4,0,0,23.74285398,71.90443253,6.591694022,2.702126955,93.84764501,14.5116279,991.3905766
Galaxy 33 (15R) & 34 (12R),2022-10-08T23:05:00.000Z,0,5e9d0d95eda69973a809d1ec,5e9e4501f509094ba4566f84,188,1,0,0,1,Falcon 9,70,3.7,549054,2,0,50000000,1,1,9,7607,8227,CCSFS SLC 40,Florida,America/New_York,28.5618571,-80.577366,99,97,active,0.97979798,0,0,0,Unknown,Unknown,Unknown,Unknown,Unknown,2022,10,281,23,5,4,1,1,23.25165283,84.52944694,5.115010352,0.508562391,3.470662822,21.18091505,995.3435301
Hotbird 13F,2022-10-15T05:22:00.000Z,0,5e9d0d95eda69973a809d1ec,5e9e4501f509094ba4566f84,188,1,0,0,1,Falcon 9,70,3.7,549054,2,0,50000000,1,1,9,7607,8227,CCSFS SLC 40,Florida,America/New_York,28.5618571,-80.577366,99,97,active,0.97979798,0,0,0,Unknown,Unknown,Unknown,Unknown,Unknown,2022,10,288,5,5,4,1,1,18.67598838,60.83752072,2.119953476,0.544801867,36.40635682,15.8050333,995.0106774
Hotbird 13G,2022-11-03T03:24:00.000Z,0,5e9d0d95eda69973a809d1ec,5e9e4501f509094ba4566f84,189,1,0,0,1,Falcon 9,70,3.7,549054,2,0,50000000,1,1,9,7607,8227,CCSFS SLC 40,Florida,America/New_York,28.5618571,-80.577366,99,97,active,0.97979798,0,0,0,Unknown,Unknown,Unknown,Unknown,Unknown,2022,11,307,3,3,4,0,1,19.07558876,78.17620604,1.80488265,0.210141359,79.24342726,7.955741781,987.6857711
Galaxy 31 (23R) & 32 (17R),2022-11-08T00:00:00.000Z,0,5e9d0d95eda69973a809d1ec,5e9e4501f509094ba4566f84,191,1,0,0,1,Falcon 9,70,3.7,549054,2,0,50000000,1,1,9,7607,8227,CCSFS SLC 40,Florida,America/New_York,28.5618571,-80.577366,99,97,active,0.97979798,0,0,0,Unknown,Unknown,Unknown,Unknown,Unknown,2022,11,312,0,1,4,0,1,23.63618186,79.29137335,5.826551231,0.669592995,55.12787964,11.86306862,1013.041658
Eutelsat 10B,2022-11-15T00:00:00.000Z,0,5e9d0d95eda69973a809d1ec,5e9e4501f509094ba4566f84,192,1,0,0,1,Falcon 9,70,3.7,549054,2,0,50000000,1,1,9,7607,8227,CCSFS SLC 40,Florida,America/New_York,28.5618571,-80.577366,99,97,active,0.97979798,0,0,0,Unknown,Unknown,Unknown,Unknown,Unknown,2022,11,319,0,1,4,0,1,21.2141098,71.06038197,2.927282704,1.535019813,21.68351659,23.5800978,1010.564662
ispace Mission 1 & Rashid,2022-11-22T00:00:00.000Z,0,5e9d0d95eda69973a809d1ec,5e9e4501f509094ba4566f84,193,1,0,0,1,Falcon 9,70,3.7,549054,2,0,50000000,1,1,9,7607,8227,CCSFS SLC 40,Florida,America/New_York,28.5618571,-80.577366,99,97,active,0.97979798,0,0,0,Unknown,Unknown,Unknown,Unknown,Unknown,2022,11,326,0,1,4,0,1,23.95568708,68.76473364,1.003770058,0.064131693,69.36035297,11.5662308,993.8266582
CRS-26,2022-11-18T22:00:00.000Z,0,5e9d0d95eda69973a809d1ec,5e9e4502f509094188566f88,194,1,0,0,1,Falcon 9,70,3.7,549054,2,0,50000000,1,1,9,7607,8227,KSC LC 39A,Florida,America/New_York,28.6080585,-80.6039558,55,55,active,1,0,0,0,Unknown,Unknown,Unknown,Unknown,Unknown,2022,11,322,22,4,4,0,1,26.54139334,62.83766735,4.354913322,0.870486086,16.05846031,15.64110841,1033.164486
Starlink 4-37 (v1.5),2022-11-01T00:00:00.000Z,0,5e9d0d95eda69973a809d1ec,5e9e4501f509094ba4566f84,195,1,0,0,1,Falcon 9,70,3.7,549054,2,0,50000000,1,1,9,7607,8227,CCSFS SLC 40,Florida,America/New_York,28.5618571,-80.577366,99,97,active,0.97979798,0,0,0,Unknown,Unknown,Unknown,Unknown,Unknown,2022,11,305,0,1,4,0,1,18.94513199,56.27630077,30.51835318,1.390154851,60.32991435,11.84113988,1009.789738
"O3b mPower 1,2",2022-11-01T00:00:00.000Z,0,5e9d0d95eda69973a809d1ec,5e9e4501f509094ba4566f84,196,1,0,0,1,Falcon 9,70,3.7,549054,2,0,50000000,1,1,9,7607,8227,CCSFS SLC 40,Florida,America/New_York,28.5618571,-80.577366,99,97,active,0.97979798,1,5100,5100,MEO,Commercial_Other,United States,Unknown,Satellite,2022,11,305,0,1,4,0,1,23.05594475,59.3646361,1.673440382,0.442668071,88.61119221,14.92633352,987.6724416
SWOT,2022-12-05T00:00:00.000Z,0,5e9d0d95eda69973a809d1ec,5e9e4502f509092b78566f87,197,1,0,0,1,Falcon 9,70,3.7,549054,2,0,50000000,1,1,9,7607,8227,VAFB SLC 4E,California,America/Los_Angeles,34.632093,-120.610829,28,27,active,0.964285714,0,0,0,Unknown,Unknown,Unknown,Unknown,Unknown,2022,12,339,0,0,4,0,1,15.08928929,55.34422929,1.610393125,0.08048004,19.66591725,11.93908771,1009.31781
SES-18 & SES-19,2022-11-01T00:00:00.000Z,0,5e9d0d95eda69973a809d1ec,5e9e4501f509094ba4566f84,198,1,0,0,1,Falcon 9,70,3.7,549054,2,0,50000000,1,1,9,7607,8227,CCSFS SLC 40,Florida,America/New_York,28.5618571,-80.577366,99,97,active,0.97979798,0,0,0,Unknown,Unknown,Unknown,Unknown,Unknown,2022,11,305,0,1,4,0,1,23.22774125,63.80825613,0.666724078,1.595319448,11.70048133,18.54841183,1024.23086
Transporter-6,2022-12-01T00:00:00.000Z,0,5e9d0d95eda69973a809d1ec,5e9e4501f509094ba4566f84,198,1,0,0,1,Falcon 9,70,3.7,549054,2,0,50000000,1,1,9,7607,8227,CCSFS SLC 40,Florida,America/New_York,28.5618571,-80.577366,99,97,active,0.97979798,0,0,0,Unknown,Unknown,Unknown,Unknown,Unknown,2022,12,335,0,3,4,0,1,27.33900217,88.32703009,1.164514879,2.212554494,12.05829988,18.16290053,995.3028848
TTL-1,2022-12-01T00:00:00.000Z,0,5e9d0d95eda69973a809d1ec,5e9e4502f509092b78566f87,199,1,0,0,1,Falcon 9,70,3.7,549054,2,0,50000000,1,1,9,7607,8227,VAFB SLC 4E,California,America/Los_Angeles,34.632093,-120.610829,28,27,active,0.964285714,1,0,0,PO,Commercial_Other,United States,SpaceX,Satellite,2022,12,335,0,3,4,0,1,16.7364572,46.77262109,5.847214675,0.494818423,20.06642372,15.23486714,1002.044024
WorldView Legion 1 & 2,2022-12-01T00:00:00.000Z,0,5e9d0d95eda69973a809d1ec,5e9e4501f509094ba4566f84,200,1,0,0,1,Falcon 9,70,3.7,549054,2,0,50000000,1,1,9,7607,8227,CCSFS SLC 40,Florida,America/New_York,28.5618571,-80.577366,99,97,active,0.97979798,1,0,0,SSO,Commercial_Other,United States,Unknown,Satellite,2022,12,335,0,3,4,0,1,19.04268257,85.99545873,2.598353671,2.895755072,46.86247811,14.94889981,1031.718796
Viasat-3 & Arcturus,2022-12-01T00:00:00.000Z,0,5e9d0d95eda69974db09d1ed,5e9e4502f509094188566f88,202,1,0,0,1,Falcon Heavy,70,12.2,1420788,2,2,90000000,1,1,27,22819,24681,KSC LC 39A,Florida,America/New_York,28.6080585,-80.6039558,55,55,active,1,0,0,0,Unknown,Unknown,Unknown,Unknown,Unknown,2022,12,335,0,3,4,0,1,23.85317156,75.15363494,5.775886571,0.916063745,33.57093485,14.17764291,995.3630219
O3b mPower 3.4,2022-12-01T00:00:00.000Z,0,5e9d0d95eda69973a809d1ec,5e9e4501f509094ba4566f84,203,1,0,0,1,Falcon 9,70,3.7,549054,2,0,50000000,1,1,9,7607,8227,CCSFS SLC 40,Florida,America/New_York,28.5618571,-80.577366,99,97,active,0.97979798,1,5100,5100,MEO,Commercial_Other,United States,Unknown,Satellite,2022,12,335,0,3,4,0,1,22.49057487,54.52542823,6.891231742,0.925727794,79.85218554,20.359481,1006.510891
